antecedents,consequents,antecedent support,consequent support,support,confidence,lift,leverage,conviction
frozenset({1221}),frozenset({858}),0.20655737704918034,0.2983606557377049,0.2,0.9682539682539683,3.245246816675388,0.13837140553614619,22.101639344262296
"frozenset({1196, 1198})",frozenset({260}),0.23278688524590163,0.3918032786885246,0.22459016393442624,0.9647887323943662,2.4624314927220223,0.13338349905939265,17.272786885245925
"frozenset({1210, 2571, 260})",frozenset({1196}),0.21475409836065573,0.3344262295081967,0.20655737704918034,0.9618320610687023,2.876066457117198,0.13473797366299384,17.438032786885266
"frozenset({1210, 2571, 1196})",frozenset({260}),0.21639344262295082,0.3918032786885246,0.20655737704918034,0.9545454545454546,2.4362875618105746,0.12177371674281108,13.38032786885247
"frozenset({5952, 7153})",frozenset({4993}),0.24918032786885247,0.30327868852459017,0.23770491803278687,0.9539473684210525,3.1454480796586055,0.16213383499059392,15.12880562060887
"frozenset({1210, 1196})",frozenset({260}),0.25245901639344265,0.3918032786885246,0.23934426229508196,0.9480519480519479,2.419714177036352,0.14042999193765116,11.707786885245872
"frozenset({296, 1196})",frozenset({260}),0.21475409836065573,0.3918032786885246,0.20163934426229507,0.9389312977099237,2.3964355297198887,0.11749798441279224,9.959221311475412
"frozenset({480, 318})",frozenset({356}),0.23278688524590163,0.521311475409836,0.2180327868852459,0.9366197183098592,1.7966604659402963,0.09667831228164474,7.55264116575593
"frozenset({4993, 7153})",frozenset({5952}),0.2540983606557377,0.28852459016393445,0.23770491803278687,0.9354838709677419,3.242302052785923,0.16439129266326255,11.027868852459008
"frozenset({1196, 356})",frozenset({260}),0.22459016393442624,0.3918032786885246,0.2081967213114754,0.9270072992700729,2.3660018935344955,0.12020155872077397,8.332295081967198
"frozenset({2571, 1196})",frozenset({260}),0.26557377049180325,0.3918032786885246,0.2459016393442623,0.925925925925926,2.363241902990857,0.14184896533190003,8.210655737704931
"frozenset({5952, 2571})",frozenset({4993}),0.2180327868852459,0.30327868852459017,0.20163934426229507,0.9248120300751879,3.0493802072749436,0.1355146466003762,9.266393442622938
"frozenset({593, 1196})",frozenset({260}),0.21639344262295082,0.3918032786885246,0.2,0.9242424242424243,2.3589450995308736,0.11521633969363075,8.028196721311483
"frozenset({5952, 4993})",frozenset({7153}),0.2573770491803279,0.28852459016393445,0.23770491803278687,0.9235668789808916,3.2009988419224085,0.16344531040042998,9.30846994535518
"frozenset({318, 47})",frozenset({296}),0.22950819672131148,0.47540983606557374,0.21147540983606558,0.9214285714285715,1.9381773399014781,0.10236495565708144,6.676602086438157
"frozenset({1210, 2571})",frozenset({1196}),0.2360655737704918,0.3344262295081967,0.21639344262295082,0.9166666666666666,2.741013071895425,0.13744692287019616,7.986885245901635
"frozenset({7153, 2571})",frozenset({4993}),0.22459016393442624,0.30327868852459017,0.20491803278688525,0.9124087591240876,3.0084829354902345,0.13680462241332975,7.954234972677595
"frozenset({1210, 2571})",frozenset({260}),0.2360655737704918,0.3918032786885246,0.21475409836065573,0.9097222222222222,2.321885169688517,0.12226283257188926,6.736948297604035
"frozenset({260, 1198})",frozenset({1196}),0.24754098360655738,0.3344262295081967,0.22459016393442624,0.9072847682119206,2.7129593559278016,0.1418059661381349,7.17868852459017
"frozenset({593, 47})",frozenset({296}),0.23278688524590163,0.47540983606557374,0.2098360655737705,0.9014084507042254,1.8960660514813017,0.09916689062080088,5.320843091334896
"frozenset({296, 480})",frozenset({356}),0.24754098360655738,0.521311475409836,0.22295081967213115,0.9006622516556292,1.7276854512891002,0.09390486428379469,4.818797814207653
"frozenset({2571, 260})",frozenset({1196}),0.2754098360655738,0.3344262295081967,0.2459016393442623,0.8928571428571428,2.669817927170868,0.15379736629938187,6.212021857923493
frozenset({1196}),frozenset({260}),0.3344262295081967,0.3918032786885246,0.2983606557377049,0.8921568627450981,2.2770530806464846,0.16733136253695244,5.639642324888229
frozenset({5952}),frozenset({4993}),0.28852459016393445,0.30327868852459017,0.2573770491803279,0.8920454545454546,2.9413390663390664,0.16987368986831497,6.453839516824852
"frozenset({356, 2959})",frozenset({2571}),0.24262295081967214,0.43278688524590164,0.21639344262295082,0.8918918918918919,2.060810810810811,0.11138941144853534,5.24672131147541
frozenset({1210}),frozenset({260}),0.30491803278688523,0.3918032786885246,0.27049180327868855,0.8870967741935485,2.264138210284789,0.1510239183015319,5.386885245901644
"frozenset({1210, 260})",frozenset({1196}),0.27049180327868855,0.3344262295081967,0.23934426229508196,0.8848484848484848,2.6458704693998807,0.14888470841171725,5.779982743744603
"frozenset({356, 47})",frozenset({296}),0.23442622950819672,0.47540983606557374,0.20655737704918034,0.8811188811188811,1.8533879913190259,0.09510884170921798,4.412729026036645
frozenset({7153}),frozenset({4993}),0.28852459016393445,0.30327868852459017,0.2540983606557377,0.8806818181818181,2.9038697788697787,0.1665950013437248,5.839188134270098
"frozenset({480, 110})",frozenset({356}),0.23934426229508196,0.521311475409836,0.2098360655737705,0.8767123287671234,1.681743775308004,0.08506315506584253,3.882695810564665
"frozenset({1210, 2571})","frozenset({1196, 260})",0.2360655737704918,0.2983606557377049,0.20655737704918034,0.875,2.9326923076923075,0.13612469766191884,5.61311475409836
"frozenset({4993, 2571})",frozenset({7153}),0.23442622950819672,0.28852459016393445,0.20491803278688525,0.8741258741258742,3.0296408137317226,0.13728030099435634,5.6522768670309675
"frozenset({50, 356})",frozenset({296}),0.23442622950819672,0.47540983606557374,0.20491803278688525,0.8741258741258742,1.838678562816494,0.09346949744692289,4.167577413479054
frozenset({7153}),frozenset({5952}),0.28852459016393445,0.28852459016393445,0.24918032786885247,0.8636363636363636,2.993285123966942,0.16593388873958614,5.217486338797815
frozenset({5952}),frozenset({7153}),0.28852459016393445,0.28852459016393445,0.24918032786885247,0.8636363636363636,2.993285123966942,0.16593388873958614,5.217486338797815
"frozenset({1210, 260, 1196})",frozenset({2571}),0.23934426229508196,0.43278688524590164,0.20655737704918034,0.8630136986301371,1.9940846824408471,0.10297231926901372,4.140655737704922
"frozenset({480, 593})",frozenset({356}),0.2360655737704918,0.521311475409836,0.20327868852459016,0.861111111111111,1.6518169112508736,0.08021499596882559,3.4465573770491793
"frozenset({4993, 2571})",frozenset({5952}),0.23442622950819672,0.28852459016393445,0.20163934426229507,0.8601398601398601,2.981166560712015,0.13400161246976616,5.087049180327868
"frozenset({296, 260})",frozenset({1196}),0.23442622950819672,0.3344262295081967,0.20163934426229507,0.8601398601398601,2.571986836692719,0.12324106423004567,4.758852459016392
"frozenset({1210, 1196})",frozenset({2571}),0.25245901639344265,0.43278688524590164,0.21639344262295082,0.8571428571428571,1.9805194805194803,0.10713249126578876,3.9704918032786876
"frozenset({593, 356, 318})",frozenset({296}),0.24098360655737705,0.47540983606557374,0.20491803278688525,0.8503401360544218,1.7886464930799908,0.0903520558989519,3.5052160953800313
frozenset({4993}),frozenset({5952}),0.30327868852459017,0.28852459016393445,0.2573770491803279,0.8486486486486488,2.9413390663390664,0.16987368986831497,4.700819672131151
"frozenset({593, 110})",frozenset({356}),0.2360655737704918,0.521311475409836,0.2,0.8472222222222222,1.6251747030048918,0.07693630744423544,3.1332339791356185
"frozenset({296, 589})",frozenset({356}),0.2459016393442623,0.521311475409836,0.2081967213114754,0.8466666666666667,1.6241090146750525,0.08000537489922063,3.1218816821097652
frozenset({47}),frozenset({296}),0.31311475409836065,0.47540983606557374,0.2639344262295082,0.8429319371727748,1.773063729915147,0.11507659231389411,3.339890710382513
"frozenset({593, 260})",frozenset({1196}),0.23770491803278687,0.3344262295081967,0.2,0.8413793103448277,2.5158891142663964,0.12050524052674014,4.196008553100502
"frozenset({356, 260})",frozenset({1196}),0.24754098360655738,0.3344262295081967,0.2081967213114754,0.8410596026490066,2.514933125568108,0.12541252351518406,4.187568306010927
"frozenset({296, 2959})",frozenset({2571}),0.2459016393442623,0.43278688524590164,0.20655737704918034,0.8400000000000001,1.9409090909090911,0.100134372480516,3.545081967213117
"frozenset({1196, 2571, 260})",frozenset({1210}),0.2459016393442623,0.30491803278688523,0.20655737704918034,0.8400000000000001,2.75483870967742,0.13157753292125773,4.344262295081969
frozenset({377}),frozenset({356}),0.2540983606557377,0.521311475409836,0.21311475409836064,0.8387096774193548,1.6088456076283222,0.0806503628056974,2.967868852459015
frozenset({4993}),frozenset({7153}),0.30327868852459017,0.28852459016393445,0.2540983606557377,0.8378378378378378,2.9038697788697787,0.1665950013437248,4.387431693989071
"frozenset({110, 318})",frozenset({356}),0.260655737704918,0.521311475409836,0.2180327868852459,0.8364779874213838,1.60456469285234,0.08214995968825586,2.9273644388398514
"frozenset({2571, 1198})",frozenset({260}),0.23934426229508196,0.3918032786885246,0.2,0.8356164383561645,2.1327448845073653,0.10622413329750069,3.699863387978145
"frozenset({50, 318})",frozenset({296}),0.2573770491803279,0.47540983606557374,0.21475409836065573,0.8343949044585987,1.7551065231715353,0.09239451760279493,3.167717528373265
"frozenset({296, 50})",frozenset({318}),0.2573770491803279,0.5131147540983606,0.21475409836065573,0.8343949044585987,1.6261370342483874,0.08269013705993011,2.940037831021437
"frozenset({593, 2571})",frozenset({296}),0.2459016393442623,0.47540983606557374,0.20491803278688525,0.8333333333333334,1.752873563218391,0.08801397473797368,3.147540983606558
"frozenset({356, 2959})",frozenset({318}),0.24262295081967214,0.5131147540983606,0.20163934426229507,0.831081081081081,1.6196787842155256,0.07714592851384036,2.8823606557377044
frozenset({1210}),frozenset({1196}),0.30491803278688523,0.3344262295081967,0.25245901639344265,0.827956989247312,2.4757537423571585,0.1504864283794679,3.8686475409836096
frozenset({364}),frozenset({356}),0.2721311475409836,0.521311475409836,0.22459016393442624,0.8253012048192772,1.5831249526407518,0.0827250739048643,2.740079140757491
"frozenset({296, 110})",frozenset({356}),0.26229508196721313,0.521311475409836,0.21639344262295082,0.825,1.5825471698113207,0.07965600644987908,2.735362997658079
"frozenset({1196, 260})",frozenset({2571}),0.2983606557377049,0.43278688524590164,0.2459016393442623,0.8241758241758241,1.9043456543456543,0.11677506046761621,3.226024590163934
frozenset({5952}),"frozenset({4993, 7153})",0.28852459016393445,0.2540983606557377,0.23770491803278687,0.8238636363636362,3.242302052785923,0.16439129266326255,4.234796404019035
frozenset({7153}),"frozenset({5952, 4993})",0.28852459016393445,0.2573770491803279,0.23770491803278687,0.8238636363636362,3.200998841922408,0.16344531040042998,4.216181914331039
"frozenset({296, 593, 356})",frozenset({318}),0.24918032786885247,0.5131147540983606,0.20491803278688525,0.8223684210526315,1.602698839751135,0.07705993012631016,2.7409836065573767
frozenset({2028}),frozenset({2571}),0.3,0.43278688524590164,0.2459016393442623,0.819672131147541,1.893939393939394,0.11606557377049181,3.145454545454546
frozenset({150}),frozenset({356}),0.3081967213114754,0.521311475409836,0.25245901639344265,0.8191489361702129,1.571323431018333,0.09179252889008335,2.6468659594985557
frozenset({480}),frozenset({356}),0.3622950819672131,0.521311475409836,0.2967213114754098,0.8190045248868778,1.5710464156635078,0.10785272776135446,2.6447540983606554
"frozenset({480, 589})",frozenset({356}),0.25245901639344265,0.521311475409836,0.20655737704918034,0.8181818181818181,1.569468267581475,0.07494759473259877,2.632786885245901
"frozenset({1210, 1196})","frozenset({2571, 260})",0.25245901639344265,0.2754098360655738,0.20655737704918034,0.8181818181818181,2.9707792207792205,0.1370276807309863,3.9852459016393427
"frozenset({593, 318})",frozenset({296}),0.31475409836065577,0.47540983606557374,0.2573770491803279,0.8177083333333334,1.7200071839080462,0.10773985487772106,2.877751756440282
"frozenset({110, 318})",frozenset({296}),0.260655737704918,0.47540983606557374,0.21311475409836064,0.8176100628930818,1.719800477119931,0.08919645256651439,2.876201243640476
"frozenset({2571, 1196})",frozenset({1210}),0.26557377049180325,0.30491803278688523,0.21639344262295082,0.8148148148148149,2.6722421346077265,0.13541521096479442,3.7534426229508213
frozenset({2762}),frozenset({2571}),0.2721311475409836,0.43278688524590164,0.22131147540983606,0.8132530120481928,1.879107338444688,0.10353668368718086,3.0373347435219467
"frozenset({296, 110})",frozenset({318}),0.26229508196721313,0.5131147540983606,0.21311475409836064,0.8124999999999999,1.5834664536741214,0.07852727761354475,2.5967213114754086
"frozenset({296, 2571})",frozenset({356}),0.27049180327868855,0.521311475409836,0.21967213114754097,0.812121212121212,1.557842576710501,0.07866165009406073,2.54785827604442
frozenset({590}),frozenset({356}),0.25245901639344265,0.521311475409836,0.20491803278688525,0.8116883116883117,1.5570121702197175,0.07330825047030368,2.54200113058225
"frozenset({356, 527})",frozenset({318}),0.2573770491803279,0.5131147540983606,0.2081967213114754,0.8089171974522292,1.576483995034696,0.07613276001074978,2.548032786885245
"frozenset({260, 1198})",frozenset({2571}),0.24754098360655738,0.43278688524590164,0.2,0.8079470198675497,1.8668472807545655,0.09286750873421125,2.953420011305823
frozenset({3578}),frozenset({2571}),0.25573770491803277,0.43278688524590164,0.20655737704918034,0.8076923076923078,1.8662587412587415,0.09587745229776944,2.9495081967213137
"frozenset({4993, 7153})",frozenset({2571}),0.2540983606557377,0.43278688524590164,0.20491803278688525,0.8064516129032259,1.8633919843597264,0.09494759473259877,2.930601092896176
"frozenset({2571, 2959})",frozenset({356}),0.26885245901639343,0.521311475409836,0.21639344262295082,0.8048780487804879,1.5439484583525083,0.0762375705455523,2.453278688524591
"frozenset({593, 356})",frozenset({296}),0.30983606557377047,0.47540983606557374,0.24918032786885247,0.8042328042328043,1.6916621054552092,0.10188121472722389,2.679663269827205
"frozenset({318, 2959})",frozenset({2571}),0.2573770491803279,0.43278688524590164,0.20655737704918034,0.802547770700637,1.8543717429067748,0.09516796560064499,2.872659968270757
"frozenset({1196, 260})",frozenset({1210}),0.2983606557377049,0.30491803278688523,0.23934426229508196,0.8021978021978021,2.630863759896018,0.14836871808653587,3.5140255009107455
"frozenset({296, 47})",frozenset({318}),0.2639344262295082,0.5131147540983606,0.21147540983606558,0.8012422360248448,1.5615264024765347,0.07604676162321958,2.449641393442624
"frozenset({296, 593})",frozenset({318}),0.32131147540983607,0.5131147540983606,0.2573770491803279,0.8010204081632654,1.5610940861967793,0.09250739048642842,2.4469104665825987
"frozenset({296, 593, 318})",frozenset({356}),0.2573770491803279,0.521311475409836,0.20491803278688525,0.7961783439490445,1.5272603453110605,0.0707444235420586,2.3485655737704914
"frozenset({296, 50})",frozenset({356}),0.2573770491803279,0.521311475409836,0.20491803278688525,0.7961783439490445,1.5272603453110605,0.0707444235420586,2.3485655737704914
"frozenset({296, 47})",frozenset({593}),0.2639344262295082,0.4426229508196721,0.2098360655737705,0.7950310559006212,1.7961812744421441,0.0930126310131685,2.7193243914555394
frozenset({1196}),frozenset({2571}),0.3344262295081967,0.43278688524590164,0.26557377049180325,0.7941176470588235,1.834893048128342,0.12083848427841976,2.7550351288056203
"frozenset({1210, 260})",frozenset({2571}),0.27049180327868855,0.43278688524590164,0.21475409836065573,0.7939393939393938,1.8344811753902661,0.09768879333512495,2.7526518804243
"frozenset({318, 527})",frozenset({356}),0.26229508196721313,0.521311475409836,0.2081967213114754,0.79375,1.5226022012578617,0.07145928513840366,2.3209140586189765
"frozenset({356, 589})",frozenset({296}),0.26229508196721313,0.47540983606557374,0.2081967213114754,0.79375,1.6696120689655172,0.08349905939263638,2.543467461500248
frozenset({50}),frozenset({318}),0.3262295081967213,0.5131147540983606,0.2573770491803279,0.7889447236180905,1.5375600044953204,0.08998387530233812,2.3069086651053876
frozenset({50}),frozenset({296}),0.3262295081967213,0.47540983606557374,0.2573770491803279,0.7889447236180905,1.6595044186449492,0.10228433216877186,2.485558157689306
"frozenset({356, 589})",frozenset({480}),0.26229508196721313,0.3622950819672131,0.20655737704918034,0.7875,2.1736425339366514,0.11152915882827198,3.0009643201542913
frozenset({1210}),"frozenset({1196, 260})",0.30491803278688523,0.2983606557377049,0.23934426229508196,0.7849462365591398,2.630863759896018,0.14836871808653587,3.2626229508196714
"frozenset({2571, 318})",frozenset({356}),0.2819672131147541,0.521311475409836,0.22131147540983606,0.7848837209302326,1.505594559017113,0.07431873152378393,2.2252547629596817
frozenset({2959}),frozenset({2571}),0.34262295081967215,0.43278688524590164,0.26885245901639343,0.784688995215311,1.8131071480353778,0.12056973931738779,2.6343897996357013
frozenset({1270}),frozenset({356}),0.26557377049180325,0.521311475409836,0.2081967213114754,0.7839506172839507,1.5038046432176413,0.06975006718624027,2.215644028103045
frozenset({4993}),"frozenset({5952, 7153})",0.30327868852459017,0.24918032786885247,0.23770491803278687,0.7837837837837838,3.145448079658606,0.16213383499059392,3.472540983606557
"frozenset({318, 2959})",frozenset({356}),0.2573770491803279,0.521311475409836,0.20163934426229507,0.7834394904458598,1.5028241797860835,0.06746573501746841,2.2104146576663446
"frozenset({5952, 4993})",frozenset({2571}),0.2573770491803279,0.43278688524590164,0.20163934426229507,0.7834394904458598,1.8102200347423276,0.09024993281375972,2.6191899710703948
"frozenset({296, 47})",frozenset({356}),0.2639344262295082,0.521311475409836,0.20655737704918034,0.782608695652174,1.5012305168170634,0.0689653319000269,2.2019672131147545
"frozenset({296, 356})",frozenset({318}),0.34590163934426227,0.5131147540983606,0.27049180327868855,0.7819905213270143,1.5240070862922643,0.0930045686643376,2.233321454027086
frozenset({608}),frozenset({296}),0.2836065573770492,0.47540983606557374,0.22131147540983606,0.7803468208092484,1.6414191748056606,0.08648212846009137,2.388265746333045
"frozenset({2571, 260})",frozenset({1210}),0.2754098360655738,0.30491803278688523,0.21475409836065573,0.7797619047619047,2.5572836661546337,0.13077667293738243,3.156047851129817
frozenset({7153}),frozenset({2571}),0.28852459016393445,0.43278688524590164,0.22459016393442624,0.7784090909090909,1.7985967630853994,0.09972050524052674,2.559730979403111
"frozenset({296, 318})",frozenset({356}),0.3475409836065574,0.521311475409836,0.27049180327868855,0.7783018867924528,1.4929690281238877,0.08931470034936848,2.159190791768399
"frozenset({2571, 1196})","frozenset({1210, 260})",0.26557377049180325,0.27049180327868855,0.20655737704918034,0.7777777777777779,2.8754208754208754,0.1347218489653319,3.2827868852459035
"frozenset({356, 110})",frozenset({318}),0.28032786885245903,0.5131147540983606,0.2180327868852459,0.7777777777777778,1.5157969471068515,0.07419242139209892,2.1909836065573773
"frozenset({593, 356})",frozenset({318}),0.30983606557377047,0.5131147540983606,0.24098360655737705,0.7777777777777778,1.5157969471068515,0.0820021499596883,2.1909836065573773
"frozenset({296, 593})",frozenset({356}),0.32131147540983607,0.521311475409836,0.24918032786885247,0.7755102040816326,1.4876139134899244,0.08167696855683959,2.1323397913561846
frozenset({1198}),frozenset({260}),0.319672131147541,0.3918032786885246,0.24754098360655738,0.7743589743589743,1.9763973822551226,0.12229239451760279,2.6954172876304012
frozenset({1210}),frozenset({2571}),0.30491803278688523,0.43278688524590164,0.2360655737704918,0.7741935483870969,1.7888563049853374,0.10410104810534804,2.511943793911008
frozenset({4993}),frozenset({2571}),0.30327868852459017,0.43278688524590164,0.23442622950819672,0.772972972972973,1.786036036036036,0.10317119054017737,2.498438719750195
frozenset({588}),frozenset({356}),0.28032786885245903,0.521311475409836,0.21639344262295082,0.7719298245614035,1.4807458898819377,0.07025530771298039,2.0988650693568722
"frozenset({356, 110})",frozenset({296}),0.28032786885245903,0.47540983606557374,0.21639344262295082,0.7719298245614035,1.6237144585601937,0.0831228164471916,2.3001261034047915
frozenset({527}),frozenset({318}),0.34098360655737703,0.5131147540983606,0.26229508196721313,0.7692307692307693,1.499139837797985,0.08733136253695248,2.109836065573771
frozenset({457}),frozenset({356}),0.30491803278688523,0.521311475409836,0.23442622950819672,0.7688172043010754,1.4747751403259624,0.07546895995700081,2.0706061761341985
"frozenset({2571, 2959})",frozenset({296}),0.26885245901639343,0.47540983606557374,0.20655737704918034,0.7682926829268294,1.6160639192598827,0.07874227358237035,2.2640207075064724
"frozenset({2571, 2959})",frozenset({318}),0.26885245901639343,0.5131147540983606,0.20655737704918034,0.7682926829268294,1.4973116184835973,0.06860521365224406,2.101294219154445
frozenset({380}),frozenset({356}),0.260655737704918,0.521311475409836,0.2,0.7672955974842768,1.4718563347968832,0.06411717280300996,2.057066902968543
"frozenset({593, 318})",frozenset({356}),0.31475409836065577,0.521311475409836,0.24098360655737705,0.7656249999999999,1.4686517295597483,0.07689868314969095,2.0424043715846985
"frozenset({296, 2571})",frozenset({318}),0.27049180327868855,0.5131147540983606,0.20655737704918034,0.7636363636363637,1.4882370026139997,0.06776404192421392,2.059899117276167
"frozenset({296, 2571})",frozenset({2959}),0.27049180327868855,0.34262295081967215,0.20655737704918034,0.7636363636363637,2.2287951283166594,0.1138806772373018,2.781210592686003
"frozenset({1210, 260})","frozenset({2571, 1196})",0.27049180327868855,0.26557377049180325,0.20655737704918034,0.7636363636363637,2.875420875420876,0.1347218489653319,3.10718789407314
frozenset({110}),frozenset({356}),0.36721311475409835,0.521311475409836,0.28032786885245903,0.7633928571428572,1.4643699460916444,0.0888954582101586,2.023136405815033
"frozenset({2571, 356})",frozenset({318}),0.2901639344262295,0.5131147540983606,0.22131147540983606,0.7627118644067796,1.4864352629013917,0.07242407954850846,2.0518735362997655
frozenset({260}),frozenset({1196}),0.3918032786885246,0.3344262295081967,0.2983606557377049,0.7615062761506276,2.2770530806464846,0.16733136253695244,2.790739142939315
frozenset({2762}),frozenset({356}),0.2721311475409836,0.521311475409836,0.20655737704918034,0.7590361445783133,1.456012730165947,0.0646922870196184,1.9865573770491805
"frozenset({296, 356, 318})",frozenset({593}),0.27049180327868855,0.4426229508196721,0.20491803278688525,0.7575757575757576,1.7115600448933783,0.08519215264713786,2.2991803278688523
"frozenset({296, 2571})",frozenset({593}),0.27049180327868855,0.4426229508196721,0.20491803278688525,0.7575757575757576,1.7115600448933783,0.08519215264713786,2.2991803278688523
"frozenset({2571, 356})",frozenset({296}),0.2901639344262295,0.47540983606557374,0.21967213114754097,0.7570621468926553,1.5924410676017922,0.08172534264982531,2.159359512009149
frozenset({5952}),frozenset({2571}),0.28852459016393445,0.43278688524590164,0.2180327868852459,0.7556818181818181,1.7460829889807161,0.09316312819134641,2.3216164696911927
frozenset({1196}),frozenset({1210}),0.3344262295081967,0.30491803278688523,0.25245901639344265,0.7549019607843138,2.4757537423571585,0.1504864283794679,2.8359344262295094
frozenset({527}),frozenset({356}),0.34098360655737703,0.521311475409836,0.2573770491803279,0.7548076923076924,1.4479015481373976,0.07961838215533462,1.9522982963677284
"frozenset({1196, 260})",frozenset({1198}),0.2983606557377049,0.319672131147541,0.22459016393442624,0.7527472527472527,2.354747816286278,0.1292125772641763,2.7515482695810562
"frozenset({480, 356})",frozenset({296}),0.2967213114754098,0.47540983606557374,0.22295081967213115,0.7513812154696133,1.580491522194704,0.08188658962644452,2.1100182149362485
frozenset({2959}),frozenset({318}),0.34262295081967215,0.5131147540983606,0.2573770491803279,0.7511961722488039,1.4639925401654006,0.08157215802203713,1.9569041614123586
"frozenset({2571, 260})","frozenset({1210, 1196})",0.2754098360655738,0.25245901639344265,0.20655737704918034,0.75,2.9707792207792205,0.1370276807309863,2.9901639344262296
frozenset({1198}),frozenset({2571}),0.319672131147541,0.43278688524590164,0.23934426229508196,0.7487179487179486,1.7299922299922297,0.1009943563558183,2.257276681164268
frozenset({47}),frozenset({356}),0.31311475409836065,0.521311475409836,0.23442622950819672,0.7486910994764399,1.4361684612598375,0.07119591507659234,1.904781420765028
"frozenset({356, 110})",frozenset({480}),0.28032786885245903,0.3622950819672131,0.2098360655737705,0.7485380116959064,2.066100394273769,0.10827465735017468,2.5359893252001524
frozenset({592}),frozenset({356}),0.29180327868852457,0.521311475409836,0.2180327868852459,0.7471910112359551,1.433290933502933,0.06591238914270361,1.8934790528233156
"frozenset({2571, 356})",frozenset({2959}),0.2901639344262295,0.34262295081967215,0.21639344262295082,0.7457627118644068,2.176628010704728,0.11697661918839021,2.58568306010929
frozenset({150}),frozenset({318}),0.3081967213114754,0.5131147540983606,0.22950819672131148,0.7446808510638299,1.451294949357624,0.07136791185165281,1.9069672131147548
frozenset({47}),frozenset({593}),0.31311475409836065,0.4426229508196721,0.23278688524590163,0.743455497382199,1.679658716307931,0.09419510884170923,2.1726329876212778
frozenset({589}),frozenset({356}),0.3540983606557377,0.521311475409836,0.26229508196721313,0.7407407407407408,1.4209177731190312,0.07769954313356628,1.8463700234192044
"frozenset({296, 318})",frozenset({593}),0.3475409836065574,0.4426229508196721,0.2573770491803279,0.7405660377358491,1.6731306778476591,0.10354743348562218,2.148435171385991
"frozenset({356, 318})",frozenset({296}),0.3655737704918033,0.47540983606557374,0.27049180327868855,0.7399103139013453,1.5563630740683472,0.09669443697930666,2.0169587337478805
frozenset({7153}),frozenset({356}),0.28852459016393445,0.521311475409836,0.21311475409836064,0.7386363636363635,1.4168810748999427,0.06270357430798171,1.8315039201710615
frozenset({592}),frozenset({296}),0.29180327868852457,0.47540983606557374,0.21475409836065573,0.7359550561797753,1.5480433940333205,0.07602794947594735,1.9867457272410187
frozenset({1196}),"frozenset({2571, 260})",0.3344262295081967,0.2754098360655738,0.2459016393442623,0.7352941176470588,2.669817927170868,0.15379736629938187,2.737340619307832
"frozenset({480, 356})",frozenset({318}),0.2967213114754098,0.5131147540983606,0.2180327868852459,0.7348066298342543,1.4320512594213903,0.06578070411179796,1.8359631147540993
frozenset({47}),frozenset({318}),0.31311475409836065,0.5131147540983606,0.22950819672131148,0.7329842931937173,1.42849974072897,0.06884439666756251,1.823432979749277
"frozenset({2571, 318})",frozenset({2959}),0.2819672131147541,0.34262295081967215,0.20655737704918034,0.7325581395348838,2.138088349838656,0.10994893845740393,2.4580185317177485
"frozenset({2571, 318})",frozenset({296}),0.2819672131147541,0.47540983606557374,0.20655737704918034,0.7325581395348838,1.5408981555733763,0.0725073904864284,1.9615110477548119
frozenset({296}),frozenset({318}),0.47540983606557374,0.5131147540983606,0.3475409836065574,0.7310344827586207,1.4246997906797403,0.1036011824778286,1.8102143757881466
frozenset({32}),frozenset({296}),0.2836065573770492,0.47540983606557374,0.20655737704918034,0.7283236994219653,1.5319912298186167,0.07172803009943565,1.9309382629926752
frozenset({608}),frozenset({593}),0.2836065573770492,0.4426229508196721,0.20655737704918034,0.7283236994219653,1.6454720616570326,0.08102660575114218,2.0516219044297173
frozenset({1198}),frozenset({1196}),0.319672131147541,0.3344262295081967,0.23278688524590163,0.7282051282051282,2.177476118652589,0.12588013974737972,2.4488091555830493
frozenset({296}),frozenset({356}),0.47540983606557374,0.521311475409836,0.34590163934426227,0.7275862068965517,1.3956842333550208,0.09806503628056976,1.7572110396347793
"frozenset({2571, 260})",frozenset({1198}),0.2754098360655738,0.319672131147541,0.2,0.7261904761904762,2.2716727716727716,0.11195915076592314,2.484675694939415
frozenset({593}),frozenset({296}),0.4426229508196721,0.47540983606557374,0.32131147540983607,0.725925925925926,1.526947637292465,0.11088417092179523,1.9140451927337179
frozenset({457}),frozenset({593}),0.30491803278688523,0.4426229508196721,0.22131147540983606,0.7258064516129032,1.6397849462365592,0.08634775597957539,2.0327868852459017
frozenset({7153}),frozenset({318}),0.28852459016393445,0.5131147540983606,0.2081967213114754,0.7215909090909091,1.4062953819343595,0.060150497178177914,1.7488123118099699
frozenset({2028}),frozenset({356}),0.3,0.521311475409836,0.21639344262295082,0.7213114754098361,1.3836477987421385,0.060000000000000026,1.7176470588235297
"frozenset({296, 356})",frozenset({593}),0.34590163934426227,0.4426229508196721,0.24918032786885247,0.7203791469194314,1.6275232578550116,0.09607632356893311,1.9933314809669358
frozenset({50}),frozenset({356}),0.3262295081967213,0.521311475409836,0.23442622950819672,0.7185929648241206,1.3784330457318037,0.06435904326793873,1.7010538641686184
frozenset({2959}),frozenset({296}),0.34262295081967215,0.47540983606557374,0.2459016393442623,0.7177033492822966,1.5096518726282793,0.08301531846277882,1.8582939705473742
frozenset({1196}),"frozenset({1210, 260})",0.3344262295081967,0.27049180327868855,0.23934426229508196,0.7156862745098039,2.645870469399881,0.14888470841171725,2.565856416054268
frozenset({457}),frozenset({480}),0.30491803278688523,0.3622950819672131,0.2180327868852459,0.7150537634408602,1.9736778085924198,0.10756248320343996,2.237983297247139
frozenset({110}),frozenset({296}),0.36721311475409835,0.47540983606557374,0.26229508196721313,0.7142857142857143,1.5024630541871922,0.08771835528083852,1.836065573770492
frozenset({2858}),frozenset({296}),0.31475409836065577,0.47540983606557374,0.22459016393442624,0.7135416666666666,1.5008979885057472,0.07495296963181941,1.8312965722801786
frozenset({592}),frozenset({589}),0.29180327868852457,0.3540983606557377,0.2081967213114754,0.7134831460674158,2.014929255097795,0.1048696586938995,2.2543233686917397
"frozenset({356, 110})",frozenset({593}),0.28032786885245903,0.4426229508196721,0.2,0.7134502923976608,1.611869179120641,0.07592045149153454,1.9451321512211437
frozenset({589}),frozenset({480}),0.3540983606557377,0.3622950819672131,0.25245901639344265,0.712962962962963,1.9679068208479975,0.12417092179521638,2.2216816499206775
frozenset({318}),frozenset({356}),0.5131147540983606,0.521311475409836,0.3655737704918033,0.7124600638977636,1.3666686760303013,0.09808116097823172,1.664772313296904
frozenset({593}),frozenset({318}),0.4426229508196721,0.5131147540983606,0.31475409836065577,0.7111111111111111,1.3858714944976929,0.08763773179252896,1.6853720050441365
frozenset({780}),frozenset({356}),0.28852459016393445,0.521311475409836,0.20491803278688525,0.7102272727272727,1.3623856489422528,0.054506852996506316,1.651944712311154
frozenset({7153}),"frozenset({4993, 2571})",0.28852459016393445,0.23442622950819672,0.20491803278688525,0.7102272727272727,3.0296408137317226,0.13728030099435634,2.6419800707168113
frozenset({110}),frozenset({318}),0.36721311475409835,0.5131147540983606,0.260655737704918,0.7098214285714285,1.3833580556823368,0.07223327062617577,1.6778814627994953
frozenset({1210}),"frozenset({2571, 1196})",0.30491803278688523,0.26557377049180325,0.21639344262295082,0.7096774193548387,2.6722421346077265,0.13541521096479442,2.5296903460837887
frozenset({1210}),frozenset({356}),0.30491803278688523,0.521311475409836,0.21639344262295082,0.7096774193548387,1.3613308987624266,0.057436173071754915,1.6488160291438982
frozenset({858}),frozenset({318}),0.2983606557377049,0.5131147540983606,0.21147540983606558,0.7087912087912088,1.3813502791138577,0.05838215533458749,1.6719455613980827
frozenset({2858}),frozenset({2571}),0.31475409836065577,0.43278688524590164,0.22295081967213115,0.7083333333333333,1.6366792929292928,0.08672937382424079,1.9447306791569083
frozenset({2959}),frozenset({356}),0.34262295081967215,0.521311475409836,0.24262295081967214,0.7081339712918661,1.3583701965032653,0.06400967481859718,1.6400967481859718
"frozenset({480, 356})",frozenset({110}),0.2967213114754098,0.36721311475409835,0.2098360655737705,0.707182320441989,1.9258089976322024,0.10087610857296427,2.1610269099907216
frozenset({608}),frozenset({318}),0.2836065573770492,0.5131147540983606,0.2,0.7052023121387283,1.3743559437847421,0.0544772910507928,1.6515911282545805
frozenset({1210}),"frozenset({2571, 260})",0.30491803278688523,0.2754098360655738,0.21475409836065573,0.7043010752688172,2.557283666154634,0.13077667293738243,2.45043219076006
frozenset({260}),frozenset({2571}),0.3918032786885246,0.43278688524590164,0.2754098360655738,0.7029288702928871,1.6241917078737165,0.10584251545283527,1.9093511891018247
frozenset({1198}),"frozenset({1196, 260})",0.319672131147541,0.2983606557377049,0.22459016393442624,0.7025641025641025,2.3547478162862774,0.1292125772641763,2.3589598643301293
frozenset({356}),frozenset({318}),0.521311475409836,0.5131147540983606,0.3655737704918033,0.7012578616352202,1.3666686760303015,0.09808116097823172,1.6297842968075933
frozenset({593}),frozenset({356}),0.4426229508196721,0.521311475409836,0.30983606557377047,0.7,1.3427672955974843,0.0790916420317119,1.5956284153005464
frozenset({5952}),"frozenset({4993, 2571})",0.28852459016393445,0.23442622950819672,0.20163934426229507,0.6988636363636362,2.9811665607120146,0.13400161246976616,2.5422827095576856
"frozenset({1196, 260})",frozenset({356}),0.2983606557377049,0.521311475409836,0.2081967213114754,0.6978021978021978,1.338551385721197,0.0526578876646063,1.5840238450074515
frozenset({858}),frozenset({296}),0.2983606557377049,0.47540983606557374,0.2081967213114754,0.6978021978021978,1.4677908298597955,0.06635313087879602,1.7359165424739194
frozenset({480}),frozenset({589}),0.3622950819672131,0.3540983606557377,0.25245901639344265,0.6968325791855204,1.9679068208479977,0.12417092179521638,2.130511377538537
frozenset({150}),frozenset({296}),0.3081967213114754,0.47540983606557374,0.21475409836065573,0.6968085106382979,1.465700660308144,0.0682343456060199,1.730227207362669
frozenset({592}),frozenset({480}),0.29180327868852457,0.3622950819672131,0.20327868852459016,0.6966292134831461,1.9228227159489553,0.09755979575382963,2.102064359441409
"frozenset({480, 356})",frozenset({589}),0.2967213114754098,0.3540983606557377,0.20655737704918034,0.696132596685083,1.9659300184162067,0.1014888470841172,2.1256035767511183
frozenset({1196}),frozenset({1198}),0.3344262295081967,0.319672131147541,0.23278688524590163,0.696078431372549,2.177476118652589,0.12588013974737972,2.2384981491274454
frozenset({1}),frozenset({356}),0.33934426229508197,0.521311475409836,0.2360655737704918,0.6956521739130435,1.3344271260596117,0.05916151572158024,1.5728337236533958
frozenset({589}),frozenset({296}),0.3540983606557377,0.47540983606557374,0.2459016393442623,0.6944444444444444,1.460727969348659,0.07755979575382962,1.7168405365126675
frozenset({457}),frozenset({318}),0.30491803278688523,0.5131147540983606,0.21147540983606558,0.6935483870967742,1.3516438214985058,0.0550174684224671,1.5887834339948235
frozenset({5952}),frozenset({356}),0.28852459016393445,0.521311475409836,0.2,0.6931818181818181,1.3296883933676387,0.049588820209621076,1.5601700060716452
"frozenset({1196, 260})","frozenset({1210, 2571})",0.2983606557377049,0.2360655737704918,0.20655737704918034,0.6923076923076923,2.9326923076923075,0.13612469766191884,2.482786885245902
frozenset({260}),frozenset({1210}),0.3918032786885246,0.30491803278688523,0.27049180327868855,0.690376569037657,2.264138210284789,0.1510239183015319,2.2449268941072225
frozenset({457}),frozenset({296}),0.30491803278688523,0.47540983606557374,0.2098360655737705,0.6881720430107527,1.4475342973674454,0.06487503359312013,1.682306387789712
frozenset({457}),frozenset({589}),0.30491803278688523,0.3540983606557377,0.2098360655737705,0.6881720430107527,1.9434488251692554,0.10186509002956196,2.0713397399660827
frozenset({457}),frozenset({110}),0.30491803278688523,0.36721311475409835,0.2098360655737705,0.6881720430107527,1.8740399385560678,0.09786616500940608,2.02928208027134
"frozenset({480, 356})",frozenset({593}),0.2967213114754098,0.4426229508196721,0.20327868852459016,0.6850828729281768,1.5477798240229181,0.07194302606826122,1.7699165947656026
frozenset({480}),frozenset({296}),0.3622950819672131,0.47540983606557374,0.24754098360655738,0.6832579185520362,1.4371976907473867,0.07530233808116099,1.6562060889929744
frozenset({858}),frozenset({260}),0.2983606557377049,0.3918032786885246,0.20327868852459016,0.6813186813186813,1.7389305255414043,0.0863800053748992,1.9084793668739402
frozenset({858}),frozenset({593}),0.2983606557377049,0.4426229508196721,0.20327868852459016,0.6813186813186813,1.5392755392755393,0.07121741467347487,1.7490107405313737
frozenset({4993}),frozenset({356}),0.30327868852459017,0.521311475409836,0.20655737704918034,0.6810810810810811,1.3064762876083633,0.04845471647406613,1.5009724923589889
frozenset({1210}),"frozenset({1196, 2571, 260})",0.30491803278688523,0.2459016393442623,0.20655737704918034,0.6774193548387097,2.75483870967742,0.13157753292125773,2.337704918032787
frozenset({318}),frozenset({296}),0.5131147540983606,0.47540983606557374,0.3475409836065574,0.6773162939297126,1.4246997906797403,0.1036011824778286,1.6257101119948068
frozenset({589}),frozenset({110}),0.3540983606557377,0.36721311475409835,0.23934426229508196,0.6759259259259259,1.8406911375661377,0.10931470034936847,1.952599531615925
frozenset({296}),frozenset({593}),0.47540983606557374,0.4426229508196721,0.32131147540983607,0.6758620689655173,1.5269476372924649,0.11088417092179523,1.7195674921520754
"frozenset({1196, 260})",frozenset({296}),0.2983606557377049,0.47540983606557374,0.20163934426229507,0.6758241758241758,1.4215611974232663,0.05979575382961569,1.6182272853570434
frozenset({858}),frozenset({2571}),0.2983606557377049,0.43278688524590164,0.20163934426229507,0.6758241758241758,1.5615634365634363,0.07251276538564899,1.7497082522923033
frozenset({4993}),frozenset({318}),0.30327868852459017,0.5131147540983606,0.20491803278688525,0.6756756756756757,1.3168120196874191,0.04930126310131688,1.5012295081967213
frozenset({4993}),"frozenset({7153, 2571})",0.30327868852459017,0.22459016393442624,0.20491803278688525,0.6756756756756757,3.0084829354902345,0.13680462241332975,2.390846994535519
frozenset({47}),"frozenset({296, 318})",0.31311475409836065,0.3475409836065574,0.21147540983606558,0.675392670157068,1.943346833942507,0.10265520021499598,2.0099947117927024
frozenset({527}),frozenset({593}),0.34098360655737703,0.4426229508196721,0.22950819672131148,0.6730769230769231,1.5206552706552707,0.07858102660575117,1.7049180327868854
frozenset({527}),frozenset({296}),0.34098360655737703,0.47540983606557374,0.22950819672131148,0.6730769230769231,1.4157824933687004,0.06740123622682076,1.6046287367405982
frozenset({2028}),frozenset({318}),0.3,0.5131147540983606,0.20163934426229507,0.6721311475409836,1.3099041533546327,0.0477049180327869,1.485
frozenset({2858}),frozenset({356}),0.31475409836065577,0.521311475409836,0.21147540983606558,0.671875,1.2888168238993711,0.04739048642837948,1.4588602654176426
frozenset({1196}),"frozenset({260, 1198})",0.3344262295081967,0.24754098360655738,0.22459016393442624,0.6715686274509804,2.7129593559278016,0.1418059661381349,2.2910692439442135
frozenset({1196}),frozenset({356}),0.3344262295081967,0.521311475409836,0.22459016393442624,0.6715686274509804,1.2882291281292393,0.05024993281375975,1.45749938830438
frozenset({2571}),frozenset({356}),0.43278688524590164,0.521311475409836,0.2901639344262295,0.6704545454545454,1.2860920526014865,0.06454716474066113,1.4525720746184285
"frozenset({1196, 260})",frozenset({593}),0.2983606557377049,0.4426229508196721,0.2,0.6703296703296704,1.5144485144485147,0.06793872614888471,1.6907103825136613
frozenset({858}),frozenset({1221}),0.2983606557377049,0.20655737704918034,0.2,0.6703296703296704,3.245246816675388,0.13837140553614619,2.4067759562841533
frozenset({4993}),frozenset({2959}),0.30327868852459017,0.34262295081967215,0.20327868852459016,0.6702702702702703,1.9562912194491142,0.09936844934157484,1.9936844934157487
frozenset({47}),"frozenset({296, 593})",0.31311475409836065,0.32131147540983607,0.2098360655737705,0.6701570680628273,2.0856929159098194,0.10922870196183822,2.0576112412177987
frozenset({2028}),frozenset({260}),0.3,0.3918032786885246,0.2,0.6666666666666667,1.7015341701534172,0.08245901639344264,1.8245901639344266
frozenset({2858}),frozenset({318}),0.31475409836065577,0.5131147540983606,0.2098360655737705,0.6666666666666666,1.2992545260915869,0.04833109379199141,1.460655737704918
frozenset({4993}),"frozenset({5952, 2571})",0.30327868852459017,0.2180327868852459,0.20163934426229507,0.6648648648648648,3.049380207274944,0.1355146466003762,2.3332892649391854
frozenset({356}),frozenset({296}),0.521311475409836,0.47540983606557374,0.34590163934426227,0.6635220125786163,1.3956842333550206,0.09806503628056976,1.5590623563658648
frozenset({2858}),frozenset({2959}),0.31475409836065577,0.34262295081967215,0.2081967213114754,0.6614583333333333,1.930572169059011,0.10035474334856219,1.941790668348045
"frozenset({593, 356})","frozenset({296, 318})",0.30983606557377047,0.3475409836065574,0.20491803278688525,0.6613756613756614,1.903014874712988,0.09723730180059124,1.9267930327868854
frozenset({480}),frozenset({110}),0.3622950819672131,0.36721311475409835,0.23934426229508196,0.6606334841628959,1.7990465416936006,0.10630475678581028,1.8646120218579234
frozenset({47}),"frozenset({296, 356})",0.31311475409836065,0.34590163934426227,0.20655737704918034,0.6596858638743456,1.9071487059874448,0.09825047030368184,1.9220428751576297
frozenset({150}),frozenset({480}),0.3081967213114754,0.3622950819672131,0.20327868852459016,0.6595744680851063,1.820544911909117,0.09162053211502284,1.8732581967213113
"frozenset({356, 318})",frozenset({593}),0.3655737704918033,0.4426229508196721,0.24098360655737705,0.6591928251121076,1.4892874937717988,0.07917226552002149,1.6354616048317514
frozenset({50}),frozenset({593}),0.3262295081967213,0.4426229508196721,0.21475409836065573,0.6582914572864321,1.487251070165643,0.07035743079817253,1.6311475409836063
frozenset({50}),"frozenset({296, 318})",0.3262295081967213,0.3475409836065574,0.21475409836065573,0.6582914572864321,1.8941405138902057,0.10137597420048373,1.9094021215043393
frozenset({589}),frozenset({593}),0.3540983606557377,0.4426229508196721,0.23278688524590163,0.6574074074074074,1.4852537722908095,0.07605482397205052,1.6269384138236598
frozenset({2858}),frozenset({593}),0.31475409836065577,0.4426229508196721,0.20655737704918034,0.65625,1.4826388888888888,0.06723998925020155,1.6214605067064083
"frozenset({593, 356})",frozenset({480}),0.30983606557377047,0.3622950819672131,0.20327868852459016,0.6560846560846562,1.8109123991476934,0.09102660575114217,1.8542496847414887
frozenset({1210}),frozenset({1198}),0.30491803278688523,0.319672131147541,0.2,0.6559139784946237,2.05183347118831,0.10252620263370063,1.9772028688524594
frozenset({47}),frozenset({110}),0.31311475409836065,0.36721311475409835,0.20491803278688525,0.6544502617801048,1.7822083021690354,0.08993818865896265,1.8312468951813219
"frozenset({296, 593})",frozenset({47}),0.32131147540983607,0.31311475409836065,0.2098360655737705,0.6530612244897959,2.0856929159098194,0.10922870196183822,1.9798457087753132
frozenset({110}),frozenset({589}),0.36721311475409835,0.3540983606557377,0.23934426229508196,0.6517857142857143,1.8406911375661377,0.10931470034936847,1.8548970155527533
frozenset({110}),frozenset({480}),0.36721311475409835,0.3622950819672131,0.23934426229508196,0.6517857142857143,1.7990465416936006,0.10630475678581028,1.8313577133249268
frozenset({480}),frozenset({593}),0.3622950819672131,0.4426229508196721,0.2360655737704918,0.6515837104072398,1.4720965309200604,0.07570545552270896,1.5997445177773046
frozenset({2571}),frozenset({318}),0.43278688524590164,0.5131147540983606,0.2819672131147541,0.6515151515151515,1.26972601413496,0.05989787691480786,1.3971489665003565
"frozenset({593, 318})","frozenset({296, 356})",0.31475409836065577,0.34590163934426227,0.20491803278688525,0.6510416666666666,1.8821583728278042,0.09604407417360925,1.8744311230731587
frozenset({150}),frozenset({593}),0.3081967213114754,0.4426229508196721,0.2,0.648936170212766,1.4661150512214343,0.06358505778016663,1.587680079483358
frozenset({150}),frozenset({110}),0.3081967213114754,0.36721311475409835,0.2,0.648936170212766,1.7671922492401215,0.08682612201021232,1.8024838549428714
frozenset({1196}),frozenset({593}),0.3344262295081967,0.4426229508196721,0.21639344262295082,0.6470588235294118,1.4618736383442268,0.06836871808653588,1.5792349726775956
frozenset({1196}),"frozenset({1210, 2571})",0.3344262295081967,0.2360655737704918,0.21639344262295082,0.6470588235294118,2.741013071895425,0.13744692287019616,2.1644808743169404
"frozenset({593, 356})",frozenset({110}),0.30983606557377047,0.36721311475409835,0.2,0.6455026455026456,1.757842025699169,0.0862241332975007,1.7850256912160514
"frozenset({296, 356})",frozenset({480}),0.34590163934426227,0.3622950819672131,0.22295081967213115,0.6445497630331755,1.7790740065621586,0.09763235689330826,1.7940765027322412
frozenset({589}),frozenset({318}),0.3540983606557377,0.5131147540983606,0.2278688524590164,0.6435185185185185,1.2541415217134069,0.04617575920451494,1.365807962529274
frozenset({110}),frozenset({593}),0.36721311475409835,0.4426229508196721,0.2360655737704918,0.6428571428571429,1.4523809523809526,0.07352862133834992,1.5606557377049182
frozenset({480}),frozenset({318}),0.3622950819672131,0.5131147540983606,0.23278688524590163,0.6425339366515836,1.2522226880430225,0.04688793335124969,1.3620460676488897
frozenset({1196}),frozenset({296}),0.3344262295081967,0.47540983606557374,0.21475409836065573,0.642156862745098,1.3507437457741718,0.055764579414135984,1.4659779923646978
"frozenset({296, 593})",frozenset({2571}),0.32131147540983607,0.43278688524590164,0.20491803278688525,0.6377551020408163,1.4736008039579467,0.0658586401504972,1.5658277534056801
"frozenset({296, 593})","frozenset({356, 318})",0.32131147540983607,0.3655737704918033,0.20491803278688525,0.6377551020408163,1.7445318934748786,0.08745498521902714,1.7513738166705148
frozenset({2571}),frozenset({260}),0.43278688524590164,0.3918032786885246,0.2754098360655738,0.6363636363636364,1.6241917078737163,0.10584251545283527,1.6725409836065572
"frozenset({296, 356})",frozenset({2571}),0.34590163934426227,0.43278688524590164,0.21967213114754097,0.6350710900473934,1.4673991095792043,0.06997043805428649,1.554311262507984
frozenset({260}),frozenset({1198}),0.3918032786885246,0.319672131147541,0.24754098360655738,0.6317991631799164,1.9763973822551228,0.12229239451760279,1.8477086438152013
frozenset({260}),frozenset({356}),0.3918032786885246,0.521311475409836,0.24754098360655738,0.6317991631799164,1.2119417910055,0.04328943832303145,1.3000745156482865
frozenset({2959}),"frozenset({2571, 356})",0.34262295081967215,0.2901639344262295,0.21639344262295082,0.631578947368421,2.176628010704728,0.11697661918839021,1.9266978922716627
frozenset({2959}),frozenset({593}),0.34262295081967215,0.4426229508196721,0.21639344262295082,0.631578947368421,1.4269005847953216,0.06474066111260413,1.5128805620608896
frozenset({50}),"frozenset({296, 356})",0.3262295081967213,0.34590163934426227,0.20491803278688525,0.628140703517588,1.8159517968991883,0.0920747110991669,1.7589942401417815
frozenset({1}),frozenset({318}),0.33934426229508197,0.5131147540983606,0.21311475409836064,0.6280193236714976,1.223935423129756,0.038992206396130075,1.3088992974238878
frozenset({260}),"frozenset({2571, 1196})",0.3918032786885246,0.26557377049180325,0.2459016393442623,0.6276150627615062,2.363241902990857,0.14184896533190003,1.9722232455332471
frozenset({1198}),frozenset({1210}),0.319672131147541,0.30491803278688523,0.2,0.6256410256410256,2.05183347118831,0.10252620263370063,1.8567258028295532
frozenset({1198}),"frozenset({2571, 260})",0.319672131147541,0.2754098360655738,0.2,0.6256410256410256,2.2716727716727716,0.11195915076592314,1.9355490680440153
"frozenset({296, 356})",frozenset({110}),0.34590163934426227,0.36721311475409835,0.21639344262295082,0.6255924170616114,1.7036222071767098,0.08937382424079551,1.690101680846649
frozenset({2571}),frozenset({296}),0.43278688524590164,0.47540983606557374,0.27049180327868855,0.625,1.3146551724137931,0.06474066111260418,1.3989071038251366
frozenset({1196}),"frozenset({356, 260})",0.3344262295081967,0.24754098360655738,0.2081967213114754,0.6225490196078431,2.514933125568108,0.12541252351518406,1.993527783691718
frozenset({2571}),frozenset({2959}),0.43278688524590164,0.34262295081967215,0.26885245901639343,0.6212121212121212,1.8131071480353775,0.12056973931738779,1.7354754098360656
frozenset({1}),frozenset({296}),0.33934426229508197,0.47540983606557374,0.2098360655737705,0.6183574879227053,1.3006829918374145,0.04850846546627252,1.3745590371446357
"frozenset({296, 318})",frozenset({50}),0.3475409836065574,0.3262295081967213,0.21475409836065573,0.6179245283018867,1.8941405138902054,0.10137597420048373,1.7634486945962353
frozenset({1196}),frozenset({318}),0.3344262295081967,0.5131147540983606,0.20655737704918034,0.6176470588235294,1.2037211050554408,0.034958344531040075,1.273392181588903
frozenset({1196}),"frozenset({1210, 2571, 260})",0.3344262295081967,0.21475409836065573,0.20655737704918034,0.6176470588235294,2.876066457117198,0.13473797366299384,2.053720050441362
frozenset({589}),frozenset({2571}),0.3540983606557377,0.43278688524590164,0.2180327868852459,0.6157407407407408,1.4227342873176207,0.06478366030636928,1.476120876950425
frozenset({480}),"frozenset({296, 356})",0.3622950819672131,0.34590163934426227,0.22295081967213115,0.6153846153846154,1.7790740065621584,0.09763235689330826,1.7006557377049183
frozenset({2571}),frozenset({1196}),0.43278688524590164,0.3344262295081967,0.26557377049180325,0.6136363636363635,1.8348930481283419,0.12083848427841976,1.7226615236258431
frozenset({318}),frozenset({593}),0.5131147540983606,0.4426229508196721,0.31475409836065577,0.6134185303514378,1.3858714944976929,0.08763773179252896,1.441810052838369
"frozenset({296, 318})",frozenset({110}),0.3475409836065574,0.36721311475409835,0.21311475409836064,0.6132075471698113,1.669895552560647,0.08549314700349367,1.635985605757697
frozenset({260}),"frozenset({1210, 1196})",0.3918032786885246,0.25245901639344265,0.23934426229508196,0.610878661087866,2.419714177036352,0.14042999193765116,1.9210999471179266
frozenset({527}),"frozenset({356, 318})",0.34098360655737703,0.3655737704918033,0.2081967213114754,0.6105769230769231,1.6701879958606418,0.0835420585864015,1.6291438979963573
"frozenset({296, 318})",frozenset({47}),0.3475409836065574,0.31311475409836065,0.21147540983606558,0.6084905660377359,1.9433468339425073,0.10265520021499598,1.7544538810981634
frozenset({1196}),frozenset({589}),0.3344262295081967,0.3540983606557377,0.20327868852459016,0.6078431372549019,1.7165940450254176,0.08485890889545822,1.6470491803278686
frozenset({2959}),frozenset({2858}),0.34262295081967215,0.31475409836065577,0.2081967213114754,0.6076555023923444,1.9305721690590107,0.10035474334856219,1.746541383446621
frozenset({260}),frozenset({593}),0.3918032786885246,0.4426229508196721,0.23770491803278687,0.606694560669456,1.370680303734697,0.06428379467884976,1.4171607952563654
frozenset({589}),frozenset({260}),0.3540983606557377,0.3918032786885246,0.21475409836065573,0.6064814814814815,1.5479234464590113,0.07601719967750603,1.5455351976856317
"frozenset({356, 318})",frozenset({2571}),0.3655737704918033,0.43278688524590164,0.22131147540983606,0.6053811659192825,1.3987973909498572,0.06309594195108842,1.4373695976154992
frozenset({1}),frozenset({260}),0.33934426229508197,0.3918032786885246,0.20491803278688525,0.6038647342995169,1.5412447193418632,0.07196183821553345,1.5353258696521392
frozenset({1196}),"frozenset({296, 260})",0.3344262295081967,0.23442622950819672,0.20163934426229507,0.6029411764705882,2.571986836692719,0.12324106423004567,1.9281117182756526
frozenset({2959}),"frozenset({296, 2571})",0.34262295081967215,0.27049180327868855,0.20655737704918034,0.6028708133971292,2.2287951283166594,0.1138806772373018,1.8369543748765556
frozenset({2959}),"frozenset({2571, 318})",0.34262295081967215,0.2819672131147541,0.20655737704918034,0.6028708133971292,2.138088349838656,0.10994893845740393,1.8080584633616434
frozenset({260}),frozenset({318}),0.3918032786885246,0.5131147540983606,0.2360655737704918,0.602510460251046,1.1742216637480452,0.03502553077129805,1.2249007765314928
"frozenset({296, 356})",frozenset({589}),0.34590163934426227,0.3540983606557377,0.2081967213114754,0.6018957345971564,1.699798139371599,0.08571351787153991,1.6224434035909445
frozenset({480}),"frozenset({356, 318})",0.3622950819672131,0.3655737704918033,0.2180327868852459,0.6018099547511313,1.6462066026824667,0.0855872077398549,1.5932749627421763
frozenset({480}),frozenset({457}),0.3622950819672131,0.30491803278688523,0.2180327868852459,0.6018099547511313,1.97367780859242,0.10756248320343996,1.7456035767511182
frozenset({260}),frozenset({296}),0.3918032786885246,0.47540983606557374,0.23442622950819672,0.5983263598326359,1.258548549992786,0.04815909701693094,1.3060109289617485
frozenset({1196}),"frozenset({593, 260})",0.3344262295081967,0.23770491803278687,0.2,0.5980392156862745,2.5158891142663964,0.12050524052674014,1.896441423430628
"frozenset({296, 356})",frozenset({47}),0.34590163934426227,0.31311475409836065,0.20655737704918034,0.5971563981042655,1.9071487059874448,0.09825047030368184,1.7050916104146578
"frozenset({356, 318})",frozenset({110}),0.3655737704918033,0.36721311475409835,0.2180327868852459,0.5964125560538117,1.6241591928251122,0.08378930395055093,1.567905282331512
"frozenset({356, 318})",frozenset({480}),0.3655737704918033,0.3622950819672131,0.2180327868852459,0.5964125560538117,1.6462066026824667,0.0855872077398549,1.580091074681239
frozenset({356}),frozenset({593}),0.521311475409836,0.4426229508196721,0.30983606557377047,0.5943396226415094,1.3427672955974843,0.0790916420317119,1.3739992375142964
"frozenset({296, 318})",frozenset({2571}),0.3475409836065574,0.43278688524590164,0.20655737704918034,0.5943396226415094,1.3732847341337906,0.056146197258801406,1.398246282882196
frozenset({110}),"frozenset({356, 318})",0.36721311475409835,0.3655737704918033,0.2180327868852459,0.59375,1.624159192825112,0.08378930395055093,1.5616645649432535
frozenset({2959}),frozenset({4993}),0.34262295081967215,0.30327868852459017,0.20327868852459016,0.5933014354066986,1.9562912194491142,0.09936844934157484,1.7131147540983607
frozenset({589}),frozenset({457}),0.3540983606557377,0.30491803278688523,0.2098360655737705,0.5925925925925927,1.9434488251692557,0.10186509002956196,1.706110283159464
"frozenset({296, 356})",frozenset({50}),0.34590163934426227,0.3262295081967213,0.20491803278688525,0.5924170616113744,1.8159517968991878,0.0920747110991669,1.653088067098742
"frozenset({296, 356})","frozenset({593, 318})",0.34590163934426227,0.31475409836065577,0.20491803278688525,0.5924170616113744,1.882158372827804,0.09604407417360925,1.6812428516965305
"frozenset({296, 318})","frozenset({593, 356})",0.3475409836065574,0.30983606557377047,0.20491803278688525,0.589622641509434,1.9030148747129882,0.09723730180059124,1.6817787827397779
frozenset({110}),"frozenset({296, 356})",0.36721311475409835,0.34590163934426227,0.21639344262295082,0.5892857142857143,1.7036222071767098,0.08937382424079551,1.592587312900927
frozenset({2959}),frozenset({260}),0.34262295081967215,0.3918032786885246,0.20163934426229507,0.5885167464114832,1.502072030589978,0.06739854877721041,1.4780594738848645
frozenset({2959}),"frozenset({356, 318})",0.34262295081967215,0.3655737704918033,0.20163934426229507,0.5885167464114832,1.609844014847555,0.07638538027411984,1.5418032786885245
frozenset({589}),frozenset({592}),0.3540983606557377,0.29180327868852457,0.2081967213114754,0.587962962962963,2.014929255097795,0.1048696586938995,1.7187695708233566
frozenset({589}),"frozenset({296, 356})",0.3540983606557377,0.34590163934426227,0.2081967213114754,0.587962962962963,1.6997981393715993,0.08571351787153991,1.5874746730521279
frozenset({527}),frozenset({2571}),0.34098360655737703,0.43278688524590164,0.2,0.5865384615384616,1.355259324009324,0.052426766998118796,1.3718642775447962
frozenset({589}),"frozenset({480, 356})",0.3540983606557377,0.2967213114754098,0.20655737704918034,0.5833333333333334,1.9659300184162065,0.1014888470841172,1.6878688524590166
frozenset({593}),"frozenset({296, 318})",0.4426229508196721,0.3475409836065574,0.2573770491803279,0.5814814814814815,1.673130677847659,0.10354743348562218,1.5589728710285797
frozenset({110}),"frozenset({296, 318})",0.36721311475409835,0.3475409836065574,0.21311475409836064,0.5803571428571428,1.6698955525606467,0.08549314700349367,1.5547959539588418
frozenset({480}),"frozenset({356, 110})",0.3622950819672131,0.28032786885245903,0.2098360655737705,0.579185520361991,2.066100394273769,0.10827465735017468,1.7101886127269523
frozenset({110}),frozenset({2571}),0.36721311475409835,0.43278688524590164,0.21147540983606558,0.5758928571428572,1.3306615259740262,0.052550389680193516,1.337428817946506
frozenset({589}),frozenset({1196}),0.3540983606557377,0.3344262295081967,0.20327868852459016,0.5740740740740741,1.7165940450254176,0.08485890889545822,1.5626514611546685
frozenset({260}),"frozenset({1196, 1198})",0.3918032786885246,0.23278688524590163,0.22459016393442624,0.5732217573221757,2.4624314927220228,0.13338349905939265,1.797685631629701
frozenset({110}),frozenset({457}),0.36721311475409835,0.30491803278688523,0.2098360655737705,0.5714285714285714,1.8740399385560675,0.09786616500940608,1.6218579234972677
frozenset({110}),"frozenset({480, 356})",0.36721311475409835,0.2967213114754098,0.2098360655737705,0.5714285714285714,1.9258089976322021,0.10087610857296427,1.640983606557377
frozenset({480}),"frozenset({356, 589})",0.3622950819672131,0.26229508196721313,0.20655737704918034,0.5701357466063349,2.173642533936652,0.11152915882827198,1.7161345987920622
"frozenset({356, 318})",frozenset({527}),0.3655737704918033,0.34098360655737703,0.2081967213114754,0.5695067264573991,1.6701879958606416,0.0835420585864015,1.5308401639344262
frozenset({356}),frozenset({480}),0.521311475409836,0.3622950819672131,0.2967213114754098,0.5691823899371069,1.5710464156635078,0.10785272776135446,1.4802201747038413
frozenset({296}),frozenset({2571}),0.47540983606557374,0.43278688524590164,0.27049180327868855,0.5689655172413793,1.3146551724137931,0.06474066111260418,1.3159344262295083
frozenset({296}),"frozenset({356, 318})",0.47540983606557374,0.3655737704918033,0.27049180327868855,0.5689655172413793,1.556363074068347,0.09669443697930666,1.4718688524590164
frozenset({2571}),frozenset({593}),0.43278688524590164,0.4426229508196721,0.2459016393442623,0.5681818181818181,1.2836700336700335,0.05434023112066649,1.2907679033649695
frozenset({2571}),frozenset({2028}),0.43278688524590164,0.3,0.2459016393442623,0.5681818181818181,1.8939393939393938,0.11606557377049181,1.621052631578947
frozenset({2571}),"frozenset({1196, 260})",0.43278688524590164,0.2983606557377049,0.2459016393442623,0.5681818181818181,1.904345654345654,0.11677506046761621,1.6248490077653146
frozenset({480}),frozenset({260}),0.3622950819672131,0.3918032786885246,0.20491803278688525,0.5656108597285068,1.4436093072568583,0.06296963181940338,1.4001195355191256
frozenset({593}),"frozenset({296, 356})",0.4426229508196721,0.34590163934426227,0.24918032786885247,0.562962962962963,1.6275232578550116,0.09607632356893311,1.496665740483468
frozenset({480}),frozenset({592}),0.3622950819672131,0.29180327868852457,0.20327868852459016,0.5610859728506787,1.9228227159489553,0.09755979575382963,1.6135203650498566
frozenset({480}),frozenset({150}),0.3622950819672131,0.3081967213114754,0.20327868852459016,0.5610859728506787,1.8205449119091173,0.09162053211502284,1.5761703565996283
frozenset({480}),"frozenset({593, 356})",0.3622950819672131,0.30983606557377047,0.20327868852459016,0.5610859728506787,1.8109123991476934,0.09102660575114217,1.5724353557546056
"frozenset({356, 318})","frozenset({296, 593})",0.3655737704918033,0.32131147540983607,0.20491803278688525,0.5605381165919282,1.7445318934748786,0.08745498521902714,1.5443626630980258
frozenset({110}),frozenset({47}),0.36721311475409835,0.31311475409836065,0.20491803278688525,0.5580357142857143,1.7822083021690351,0.08993818865896265,1.5541645967875477
frozenset({356}),frozenset({2571}),0.521311475409836,0.43278688524590164,0.2901639344262295,0.5566037735849058,1.2860920526014867,0.06454716474066113,1.2792465992326478
frozenset({593}),frozenset({2571}),0.4426229508196721,0.43278688524590164,0.2459016393442623,0.5555555555555556,1.2836700336700337,0.05434023112066649,1.2762295081967214
frozenset({296}),frozenset({47}),0.47540983606557374,0.31311475409836065,0.2639344262295082,0.5551724137931034,1.7730637299151473,0.11507659231389411,1.5441606303215147
frozenset({2571}),frozenset({1198}),0.43278688524590164,0.319672131147541,0.23934426229508196,0.553030303030303,1.7299922299922297,0.1009943563558183,1.5220894692970268
frozenset({296}),frozenset({110}),0.47540983606557374,0.36721311475409835,0.26229508196721313,0.5517241379310346,1.5024630541871924,0.08771835528083852,1.411601513240858
"frozenset({356, 318})",frozenset({2959}),0.3655737704918033,0.34262295081967215,0.20163934426229507,0.5515695067264573,1.6098440148475548,0.07638538027411984,1.465950819672131
frozenset({318}),frozenset({2571}),0.5131147540983606,0.43278688524590164,0.2819672131147541,0.549520766773163,1.2697260141349598,0.05989787691480786,1.2591326589931406
frozenset({260}),"frozenset({1210, 2571})",0.3918032786885246,0.2360655737704918,0.21475409836065573,0.5481171548117154,2.3218851696885165,0.12226283257188926,1.6905585913782633
frozenset({260}),frozenset({589}),0.3918032786885246,0.3540983606557377,0.21475409836065573,0.5481171548117154,1.5479234464590113,0.07601719967750603,1.4293564055859136
frozenset({2571}),frozenset({1210}),0.43278688524590164,0.30491803278688523,0.2360655737704918,0.5454545454545454,1.7888563049853372,0.10410104810534804,1.5291803278688523
frozenset({110}),"frozenset({593, 356})",0.36721311475409835,0.30983606557377047,0.2,0.5446428571428572,1.757842025699169,0.0862241332975007,1.5156541305046614
frozenset({110}),frozenset({150}),0.36721311475409835,0.3081967213114754,0.2,0.5446428571428572,1.7671922492401217,0.08682612201021232,1.519254259080682
frozenset({593}),"frozenset({356, 318})",0.4426229508196721,0.3655737704918033,0.24098360655737705,0.5444444444444445,1.4892874937717988,0.07917226552002149,1.392642942822871
frozenset({2571}),frozenset({4993}),0.43278688524590164,0.30327868852459017,0.23442622950819672,0.5416666666666666,1.786036036036036,0.10317119054017737,1.5201192250372577
frozenset({296}),"frozenset({593, 318})",0.47540983606557374,0.31475409836065577,0.2573770491803279,0.5413793103448277,1.7200071839080462,0.10773985487772106,1.494145199063232
frozenset({296}),frozenset({50}),0.47540983606557374,0.3262295081967213,0.2573770491803279,0.5413793103448277,1.6595044186449492,0.10228433216877186,1.4691236287439915
frozenset({356}),frozenset({110}),0.521311475409836,0.36721311475409835,0.28032786885245903,0.5377358490566039,1.4643699460916446,0.0888954582101586,1.3688859150217467
frozenset({593}),frozenset({260}),0.4426229508196721,0.3918032786885246,0.23770491803278687,0.537037037037037,1.3706803037346968,0.06428379467884976,1.3137049180327867
frozenset({593}),frozenset({110}),0.4426229508196721,0.36721311475409835,0.2360655737704918,0.5333333333333333,1.4523809523809523,0.07352862133834992,1.3559718969555035
frozenset({593}),frozenset({480}),0.4426229508196721,0.3622950819672131,0.2360655737704918,0.5333333333333333,1.4720965309200604,0.07570545552270896,1.3665105386416863
frozenset({260}),"frozenset({1196, 356})",0.3918032786885246,0.22459016393442624,0.2081967213114754,0.5313807531380753,2.366001893534496,0.12020155872077397,1.6546692037470727
frozenset({260}),"frozenset({1210, 2571, 1196})",0.3918032786885246,0.21639344262295082,0.20655737704918034,0.5271966527196653,2.4362875618105746,0.12177371674281108,1.6573625417089803
frozenset({318}),"frozenset({296, 356})",0.5131147540983606,0.34590163934426227,0.27049180327868855,0.5271565495207668,1.5240070862922646,0.0930045686643376,1.3833296411165268
frozenset({593}),frozenset({589}),0.4426229508196721,0.3540983606557377,0.23278688524590163,0.5259259259259259,1.4852537722908095,0.07605482397205052,1.3624487704918031
frozenset({593}),frozenset({47}),0.4426229508196721,0.31311475409836065,0.23278688524590163,0.5259259259259259,1.6796587163079308,0.09419510884170923,1.4488985655737705
frozenset({296}),"frozenset({593, 356})",0.47540983606557374,0.30983606557377047,0.24918032786885247,0.5241379310344828,1.6916621054552092,0.10188121472722389,1.4503444998812072
frozenset({260}),frozenset({480}),0.3918032786885246,0.3622950819672131,0.20491803278688525,0.5230125523012552,1.4436093072568583,0.06296963181940338,1.336942766752948
frozenset({260}),frozenset({1}),0.3918032786885246,0.33934426229508197,0.20491803278688525,0.5230125523012552,1.5412447193418632,0.07196183821553345,1.3850589588725912
frozenset({296}),frozenset({480}),0.47540983606557374,0.3622950819672131,0.24754098360655738,0.5206896551724138,1.4371976907473867,0.07530233808116099,1.330463498054016
frozenset({2571}),frozenset({7153}),0.43278688524590164,0.28852459016393445,0.22459016393442624,0.5189393939393939,1.7985967630853992,0.09972050524052674,1.4789725054859946
frozenset({356}),"frozenset({296, 318})",0.521311475409836,0.3475409836065574,0.27049180327868855,0.518867924528302,1.4929690281238879,0.08931470034936848,1.3560912889746066
frozenset({260}),frozenset({858}),0.3918032786885246,0.2983606557377049,0.20327868852459016,0.5188284518828452,1.7389305255414043,0.0863800053748992,1.4581895937277263
frozenset({593}),frozenset({527}),0.4426229508196721,0.34098360655737703,0.22950819672131148,0.5185185185185185,1.5206552706552707,0.07858102660575117,1.3687263556116014
frozenset({296}),frozenset({589}),0.47540983606557374,0.3540983606557377,0.2459016393442623,0.5172413793103449,1.4607279693486592,0.07755979575382962,1.3379391100702576
frozenset({296}),frozenset({2959}),0.47540983606557374,0.34262295081967215,0.2459016393442623,0.5172413793103449,1.5096518726282793,0.08301531846277882,1.3617096018735364
frozenset({2571}),frozenset({2858}),0.43278688524590164,0.31475409836065577,0.22295081967213115,0.5151515151515151,1.6366792929292928,0.08672937382424079,1.4133196721311474
frozenset({260}),frozenset({2959}),0.3918032786885246,0.34262295081967215,0.20163934426229507,0.5146443514644351,1.502072030589978,0.06739854877721041,1.3544234030525721
frozenset({260}),"frozenset({296, 1196})",0.3918032786885246,0.21475409836065573,0.20163934426229507,0.5146443514644351,2.3964355297198887,0.11749798441279224,1.61787733182589
frozenset({2571}),frozenset({2762}),0.43278688524590164,0.2721311475409836,0.22131147540983606,0.5113636363636364,1.8791073384446877,0.10353668368718086,1.4895920701486849
frozenset({2571}),"frozenset({356, 318})",0.43278688524590164,0.3655737704918033,0.22131147540983606,0.5113636363636364,1.3987973909498572,0.06309594195108842,1.298360655737705
frozenset({318}),frozenset({527}),0.5131147540983606,0.34098360655737703,0.26229508196721313,0.5111821086261982,1.4991398377979852,0.08733136253695248,1.3481838637094186
frozenset({260}),frozenset({2028}),0.3918032786885246,0.3,0.2,0.5104602510460251,1.701534170153417,0.08245901639344264,1.4299145299145297
frozenset({260}),"frozenset({593, 1196})",0.3918032786885246,0.21639344262295082,0.2,0.5104602510460251,2.3589450995308736,0.11521633969363075,1.6007005744710663
frozenset({260}),"frozenset({2571, 1198})",0.3918032786885246,0.23934426229508196,0.2,0.5104602510460251,2.1327448845073653,0.10622413329750069,1.5538181308673111
frozenset({318}),frozenset({110}),0.5131147540983606,0.36721311475409835,0.260655737704918,0.5079872204472844,1.383358055682337,0.07223327062617577,1.2861187992335534
frozenset({2571}),"frozenset({296, 356})",0.43278688524590164,0.34590163934426227,0.21967213114754097,0.5075757575757576,1.4673991095792045,0.06997043805428649,1.3283228247162675
frozenset({2571}),frozenset({5952}),0.43278688524590164,0.28852459016393445,0.2180327868852459,0.5037878787878788,1.7460829889807161,0.09316312819134641,1.4338130396696285
frozenset({2571}),frozenset({589}),0.43278688524590164,0.3540983606557377,0.2180327868852459,0.5037878787878788,1.4227342873176207,0.06478366030636928,1.3016643724189711
frozenset({356}),frozenset({589}),0.521311475409836,0.3540983606557377,0.26229508196721313,0.5031446540880504,1.4209177731190314,0.07769954313356628,1.2999792488068067
frozenset({318}),"frozenset({296, 593})",0.5131147540983606,0.32131147540983607,0.2573770491803279,0.501597444089457,1.5610940861967793,0.09250739048642842,1.3617276166456496
frozenset({318}),frozenset({2959}),0.5131147540983606,0.34262295081967215,0.2573770491803279,0.501597444089457,1.4639925401654006,0.08157215802203713,1.3189680538041197
frozenset({318}),frozenset({50}),0.5131147540983606,0.3262295081967213,0.2573770491803279,0.501597444089457,1.5375600044953204,0.08998387530233812,1.3518600252206814
frozenset({2571}),"frozenset({1210, 1196})",0.43278688524590164,0.25245901639344265,0.21639344262295082,0.5,1.9805194805194803,0.10713249126578876,1.4950819672131148
frozenset({2571}),"frozenset({356, 2959})",0.43278688524590164,0.24262295081967214,0.21639344262295082,0.5,2.0608108108108105,0.11138941144853534,1.5147540983606558
frozenset({593}),frozenset({457}),0.4426229508196721,0.30491803278688523,0.22131147540983606,0.5,1.6397849462365592,0.08634775597957539,1.3901639344262295
frozenset({2571}),"frozenset({1210, 260})",0.43278688524590164,0.27049180327868855,0.21475409836065573,0.4962121212121212,1.8344811753902661,0.09768879333512495,1.448046345371626
frozenset({356}),frozenset({527}),0.521311475409836,0.34098360655737703,0.2573770491803279,0.49371069182389943,1.4479015481373974,0.07961838215533462,1.3016597087872925
frozenset({296}),frozenset({260}),0.47540983606557374,0.3918032786885246,0.23442622950819672,0.4931034482758621,1.2585485499927862,0.04815909701693094,1.1998438719750195
frozenset({593}),frozenset({1196}),0.4426229508196721,0.3344262295081967,0.21639344262295082,0.48888888888888893,1.4618736383442266,0.06836871808653588,1.3022095509622238
frozenset({593}),frozenset({2959}),0.4426229508196721,0.34262295081967215,0.21639344262295082,0.48888888888888893,1.4269005847953218,0.06474066111260413,1.2861724875267286
frozenset({2571}),frozenset({110}),0.43278688524590164,0.36721311475409835,0.21147540983606558,0.48863636363636365,1.330661525974026,0.052550389680193516,1.2374499089253188
frozenset({593}),frozenset({50}),0.4426229508196721,0.3262295081967213,0.21475409836065573,0.48518518518518516,1.487251070165643,0.07035743079817253,1.30876282580493
frozenset({356}),frozenset({150}),0.521311475409836,0.3081967213114754,0.25245901639344265,0.48427672955974854,1.571323431018333,0.09179252889008335,1.3414234306277493
frozenset({296}),frozenset({527}),0.47540983606557374,0.34098360655737703,0.22950819672131148,0.4827586206896552,1.4157824933687004,0.06740123622682076,1.274098360655738
frozenset({356}),"frozenset({296, 593})",0.521311475409836,0.32131147540983607,0.24918032786885247,0.47798742138364786,1.4876139134899244,0.08167696855683959,1.3001382579498324
frozenset({2571}),"frozenset({296, 2959})",0.43278688524590164,0.2459016393442623,0.20655737704918034,0.4772727272727273,1.940909090909091,0.100134372480516,1.4426229508196722
frozenset({2571}),frozenset({3578}),0.43278688524590164,0.25573770491803277,0.20655737704918034,0.4772727272727273,1.8662587412587415,0.09587745229776944,1.4238061297220244
frozenset({2571}),"frozenset({318, 2959})",0.43278688524590164,0.2573770491803279,0.20655737704918034,0.4772727272727273,1.8543717429067748,0.09516796560064499,1.4206699928724162
frozenset({2571}),"frozenset({1210, 260, 1196})",0.43278688524590164,0.23934426229508196,0.20655737704918034,0.4772727272727273,1.994084682440847,0.10297231926901372,1.455167498218104
frozenset({2571}),"frozenset({296, 318})",0.43278688524590164,0.3475409836065574,0.20655737704918034,0.4772727272727273,1.3732847341337908,0.056146197258801406,1.2481824661439773
frozenset({356}),frozenset({260}),0.521311475409836,0.3918032786885246,0.24754098360655738,0.47484276729559755,1.2119417910055,0.04328943832303145,1.1581230980661628
frozenset({593}),"frozenset({296, 47})",0.4426229508196721,0.2639344262295082,0.2098360655737705,0.4740740740740741,1.7961812744421441,0.0930126310131685,1.3995613022396676
frozenset({2571}),"frozenset({296, 593})",0.43278688524590164,0.32131147540983607,0.20491803278688525,0.4734848484848485,1.473600803957947,0.0658586401504972,1.2890199315957072
frozenset({2571}),"frozenset({4993, 7153})",0.43278688524590164,0.2540983606557377,0.20491803278688525,0.4734848484848485,1.8633919843597264,0.09494759473259877,1.4166764948696782
frozenset({296}),frozenset({2858}),0.47540983606557374,0.31475409836065577,0.22459016393442624,0.47241379310344833,1.5008979885057472,0.07495296963181941,1.2988321011464694
frozenset({318}),"frozenset({593, 356})",0.5131147540983606,0.30983606557377047,0.24098360655737705,0.46964856230031954,1.5157969471068515,0.0820021499596883,1.3013332016590955
frozenset({296}),"frozenset({480, 356})",0.47540983606557374,0.2967213114754098,0.22295081967213115,0.46896551724137936,1.580491522194704,0.08188658962644452,1.3243559718969558
frozenset({593}),frozenset({2858}),0.4426229508196721,0.31475409836065577,0.20655737704918034,0.46666666666666673,1.482638888888889,0.06723998925020155,1.2848360655737707
frozenset({593}),frozenset({608}),0.4426229508196721,0.2836065573770492,0.20655737704918034,0.46666666666666673,1.6454720616570329,0.08102660575114218,1.343237704918033
frozenset({2571}),"frozenset({5952, 4993})",0.43278688524590164,0.2573770491803279,0.20163934426229507,0.4659090909090909,1.8102200347423274,0.09024993281375972,1.390442971747471
frozenset({2571}),frozenset({858}),0.43278688524590164,0.2983606557377049,0.20163934426229507,0.4659090909090909,1.5615634365634363,0.07251276538564899,1.313707708405999
frozenset({296}),frozenset({608}),0.47540983606557374,0.2836065573770492,0.22131147540983606,0.4655172413793104,1.6414191748056608,0.08648212846009137,1.34034902168165
frozenset({356}),frozenset({2959}),0.521311475409836,0.34262295081967215,0.24262295081967214,0.4654088050314466,1.358370196503265,0.06400967481859718,1.2296817743490842
frozenset({593}),"frozenset({296, 2571})",0.4426229508196721,0.27049180327868855,0.20491803278688525,0.46296296296296297,1.711560044893378,0.08519215264713786,1.358394573205201
frozenset({593}),"frozenset({296, 356, 318})",0.4426229508196721,0.27049180327868855,0.20491803278688525,0.46296296296296297,1.711560044893378,0.08519215264713786,1.358394573205201
frozenset({356}),"frozenset({593, 318})",0.521311475409836,0.31475409836065577,0.24098360655737705,0.4622641509433963,1.4686517295597485,0.07689868314969095,1.2743169398907102
frozenset({2571}),"frozenset({260, 1198})",0.43278688524590164,0.24754098360655738,0.2,0.46212121212121215,1.8668472807545657,0.09286750873421125,1.3989378896328792
frozenset({2571}),frozenset({527}),0.43278688524590164,0.34098360655737703,0.2,0.46212121212121215,1.3552593240093243,0.052426766998118796,1.2252135765412147
frozenset({296}),"frozenset({2571, 356})",0.47540983606557374,0.2901639344262295,0.21967213114754097,0.46206896551724136,1.5924410676017922,0.08172534264982531,1.3195670449768813
frozenset({318}),frozenset({260}),0.5131147540983606,0.3918032786885246,0.2360655737704918,0.4600638977635783,1.174221663748045,0.03502553077129805,1.1264235134348626
frozenset({593}),frozenset({858}),0.4426229508196721,0.2983606557377049,0.20327868852459016,0.45925925925925926,1.5392755392755393,0.07121741467347487,1.2975522119919154
frozenset({593}),"frozenset({480, 356})",0.4426229508196721,0.2967213114754098,0.20327868852459016,0.45925925925925926,1.5477798240229181,0.07194302606826122,1.3005838760386257
frozenset({296}),"frozenset({356, 110})",0.47540983606557374,0.28032786885245903,0.21639344262295082,0.45517241379310347,1.6237144585601937,0.0831228164471916,1.3209172027391574
frozenset({318}),frozenset({480}),0.5131147540983606,0.3622950819672131,0.23278688524590163,0.4536741214057508,1.2522226880430227,0.04688793335124969,1.1672610487968558
frozenset({356}),frozenset({1}),0.521311475409836,0.33934426229508197,0.2360655737704918,0.45283018867924535,1.334427126059612,0.05916151572158024,1.2074053137365746
frozenset({593}),"frozenset({356, 110})",0.4426229508196721,0.28032786885245903,0.2,0.4518518518518519,1.6118691791206412,0.07592045149153454,1.3129153743907844
frozenset({593}),"frozenset({1196, 260})",0.4426229508196721,0.2983606557377049,0.2,0.4518518518518519,1.5144485144485145,0.06793872614888471,1.2800177226406735
frozenset({593}),frozenset({150}),0.4426229508196721,0.3081967213114754,0.2,0.4518518518518519,1.4661150512214343,0.06358505778016663,1.262073548958795
frozenset({296}),frozenset({1196}),0.47540983606557374,0.3344262295081967,0.21475409836065573,0.4517241379310345,1.3507437457741718,0.055764579414135984,1.2139395814001444
frozenset({296}),"frozenset({50, 318})",0.47540983606557374,0.2573770491803279,0.21475409836065573,0.4517241379310345,1.7551065231715353,0.09239451760279493,1.3544695329415404
frozenset({296}),frozenset({150}),0.47540983606557374,0.3081967213114754,0.21475409836065573,0.4517241379310345,1.465700660308144,0.0682343456060199,1.2617795649035985
frozenset({296}),frozenset({592}),0.47540983606557374,0.29180327868852457,0.21475409836065573,0.4517241379310345,1.5480433940333205,0.07602794947594735,1.2916795545932571
frozenset({356}),frozenset({47}),0.521311475409836,0.31311475409836065,0.23442622950819672,0.449685534591195,1.4361684612598373,0.07119591507659234,1.248168618266979
frozenset({356}),frozenset({457}),0.521311475409836,0.30491803278688523,0.23442622950819672,0.449685534591195,1.4747751403259621,0.07546895995700081,1.2630632318501172
frozenset({356}),frozenset({50}),0.521311475409836,0.3262295081967213,0.23442622950819672,0.449685534591195,1.3784330457318037,0.06435904326793873,1.224337236533958
frozenset({296}),"frozenset({110, 318})",0.47540983606557374,0.260655737704918,0.21311475409836064,0.4482758620689655,1.7198004771199307,0.08919645256651439,1.3400614754098361
frozenset({318}),frozenset({47}),0.5131147540983606,0.31311475409836065,0.22950819672131148,0.44728434504792336,1.42849974072897,0.06884439666756251,1.2427461385388043
frozenset({318}),frozenset({150}),0.5131147540983606,0.3081967213114754,0.22950819672131148,0.44728434504792336,1.4512949493576237,0.07136791185165281,1.2516440822514927
frozenset({296}),"frozenset({318, 47})",0.47540983606557374,0.22950819672131148,0.21147540983606558,0.4448275862068966,1.9381773399014781,0.10236495565708144,1.38784237857652
frozenset({318}),frozenset({589}),0.5131147540983606,0.3540983606557377,0.2278688524590164,0.44408945686900964,1.2541415217134069,0.04617575920451494,1.1618805351422652
frozenset({296}),"frozenset({593, 47})",0.47540983606557374,0.23278688524590163,0.2098360655737705,0.44137931034482764,1.896066051481302,0.09916689062080088,1.3734061930783241
frozenset({296}),frozenset({1}),0.47540983606557374,0.33934426229508197,0.2098360655737705,0.44137931034482764,1.3006829918374148,0.04850846546627252,1.182655332928557
frozenset({296}),frozenset({457}),0.47540983606557374,0.30491803278688523,0.2098360655737705,0.44137931034482764,1.4475342973674457,0.06487503359312013,1.2442825339000203
frozenset({296}),frozenset({858}),0.47540983606557374,0.2983606557377049,0.2081967213114754,0.4379310344827586,1.4677908298597953,0.06635313087879602,1.2483153977672734
frozenset({296}),"frozenset({356, 589})",0.47540983606557374,0.26229508196721313,0.2081967213114754,0.4379310344827586,1.6696120689655172,0.08349905939263638,1.3124811425123202
frozenset({296}),"frozenset({2571, 318})",0.47540983606557374,0.2819672131147541,0.20655737704918034,0.4344827586206897,1.5408981555733763,0.0725073904864284,1.2696921231507396
frozenset({296}),"frozenset({356, 47})",0.47540983606557374,0.23442622950819672,0.20655737704918034,0.4344827586206897,1.8533879913190259,0.09510884170921798,1.3537584966013594
frozenset({296}),frozenset({32}),0.47540983606557374,0.2836065573770492,0.20655737704918034,0.4344827586206897,1.5319912298186167,0.07172803009943565,1.266793282686925
frozenset({296}),"frozenset({2571, 2959})",0.47540983606557374,0.26885245901639343,0.20655737704918034,0.4344827586206897,1.6160639192598825,0.07874227358237035,1.2928828468612554
frozenset({318}),"frozenset({2571, 356})",0.5131147540983606,0.2901639344262295,0.22131147540983606,0.4313099041533547,1.486435262901392,0.07242407954850846,1.2481948793516304
frozenset({296}),"frozenset({593, 2571})",0.47540983606557374,0.2459016393442623,0.20491803278688525,0.4310344827586207,1.752873563218391,0.08801397473797368,1.3253849975161451
frozenset({296}),"frozenset({593, 356, 318})",0.47540983606557374,0.24098360655737705,0.20491803278688525,0.4310344827586207,1.7886464930799908,0.0903520558989519,1.3340288127173374
frozenset({296}),"frozenset({50, 356})",0.47540983606557374,0.23442622950819672,0.20491803278688525,0.4310344827586207,1.8386785628164939,0.09346949744692289,1.3455538996522605
frozenset({356}),frozenset({1196}),0.521311475409836,0.3344262295081967,0.22459016393442624,0.43081761006289315,1.2882291281292393,0.05024993281375975,1.1693506023005162
frozenset({356}),frozenset({364}),0.521311475409836,0.2721311475409836,0.22459016393442624,0.43081761006289315,1.583124952640752,0.0827250739048643,1.278797210397609
frozenset({356}),"frozenset({296, 480})",0.521311475409836,0.24754098360655738,0.22295081967213115,0.4276729559748428,1.7276854512891,0.09390486428379469,1.3147360835885427
frozenset({318}),"frozenset({356, 110})",0.5131147540983606,0.28032786885245903,0.2180327868852459,0.42492012779552724,1.5157969471068515,0.07419242139209892,1.2514298724954462
frozenset({318}),"frozenset({480, 356})",0.5131147540983606,0.2967213114754098,0.2180327868852459,0.42492012779552724,1.4320512594213903,0.06578070411179796,1.2229234972677598
frozenset({356}),"frozenset({2571, 318})",0.521311475409836,0.2819672131147541,0.22131147540983606,0.42452830188679247,1.505594559017113,0.07431873152378393,1.2477291050792798
frozenset({296}),"frozenset({1196, 260})",0.47540983606557374,0.2983606557377049,0.20163934426229507,0.4241379310344828,1.4215611974232665,0.05979575382961569,1.2184156277608718
frozenset({356}),"frozenset({296, 2571})",0.521311475409836,0.27049180327868855,0.21967213114754097,0.42138364779874216,1.557842576710501,0.07866165009406073,1.2607804704205274
frozenset({318}),"frozenset({296, 50})",0.5131147540983606,0.2573770491803279,0.21475409836065573,0.41853035143769973,1.6261370342483874,0.08269013705993011,1.2771482615744911
frozenset({356}),"frozenset({110, 318})",0.521311475409836,0.260655737704918,0.2180327868852459,0.4182389937106919,1.60456469285234,0.08214995968825586,1.270872840053168
frozenset({356}),"frozenset({480, 318})",0.521311475409836,0.23278688524590163,0.2180327868852459,0.4182389937106919,1.7966604659402963,0.09667831228164474,1.3187771377935313
frozenset({356}),frozenset({592}),0.521311475409836,0.29180327868852457,0.2180327868852459,0.4182389937106919,1.433290933502933,0.06591238914270361,1.2173327425786444
frozenset({318}),"frozenset({296, 110})",0.5131147540983606,0.26229508196721313,0.21311475409836064,0.41533546325878595,1.5834664536741214,0.07852727761354475,1.2617575920451491
frozenset({318}),frozenset({1}),0.5131147540983606,0.33934426229508197,0.21311475409836064,0.41533546325878595,1.2239354231297557,0.038992206396130075,1.1299740213204337
frozenset({356}),"frozenset({2571, 2959})",0.521311475409836,0.26885245901639343,0.21639344262295082,0.41509433962264153,1.5439484583525083,0.0762375705455523,1.2500264410364887
frozenset({356}),frozenset({2028}),0.521311475409836,0.3,0.21639344262295082,0.41509433962264153,1.3836477987421385,0.060000000000000026,1.196774193548387
frozenset({356}),frozenset({588}),0.521311475409836,0.28032786885245903,0.21639344262295082,0.41509433962264153,1.4807458898819374,0.07025530771298039,1.2304071919619248
frozenset({356}),"frozenset({296, 110})",0.521311475409836,0.26229508196721313,0.21639344262295082,0.41509433962264153,1.5825471698113207,0.07965600644987908,1.2612374405076678
frozenset({356}),frozenset({1210}),0.521311475409836,0.30491803278688523,0.21639344262295082,0.41509433962264153,1.3613308987624266,0.057436173071754915,1.1883659439450027
frozenset({318}),"frozenset({296, 47})",0.5131147540983606,0.2639344262295082,0.21147540983606558,0.4121405750798723,1.5615264024765347,0.07604676162321958,1.2521115466856738
frozenset({318}),frozenset({457}),0.5131147540983606,0.30491803278688523,0.21147540983606558,0.4121405750798723,1.351643821498506,0.0550174684224671,1.182394868139701
frozenset({318}),frozenset({858}),0.5131147540983606,0.2983606557377049,0.21147540983606558,0.4121405750798723,1.3813502791138577,0.05838215533458749,1.1935495367070565
frozenset({318}),frozenset({2858}),0.5131147540983606,0.31475409836065577,0.2098360655737705,0.4089456869009585,1.2992545260915869,0.04833109379199141,1.1593619849357553
frozenset({356}),frozenset({7153}),0.521311475409836,0.28852459016393445,0.21311475409836064,0.4088050314465409,1.4168810748999427,0.06270357430798171,1.2034530868503663
frozenset({356}),frozenset({377}),0.521311475409836,0.2540983606557377,0.21311475409836064,0.4088050314465409,1.6088456076283222,0.0806503628056974,1.261684687826997
frozenset({318}),"frozenset({356, 527})",0.5131147540983606,0.2573770491803279,0.2081967213114754,0.4057507987220448,1.5764839950346963,0.07613276001074978,1.2496827075621366
frozenset({318}),frozenset({7153}),0.5131147540983606,0.28852459016393445,0.2081967213114754,0.4057507987220448,1.4062953819343595,0.060150497178177914,1.1972677595628416
frozenset({356}),frozenset({2858}),0.521311475409836,0.31475409836065577,0.21147540983606558,0.4056603773584906,1.2888168238993711,0.04739048642837948,1.1529534218058808
frozenset({318}),frozenset({1196}),0.5131147540983606,0.3344262295081967,0.20655737704918034,0.40255591054313106,1.2037211050554408,0.034958344531040075,1.114035241518366
frozenset({318}),"frozenset({2571, 2959})",0.5131147540983606,0.26885245901639343,0.20655737704918034,0.40255591054313106,1.4973116184835973,0.06860521365224406,1.223792408170422
frozenset({318}),"frozenset({296, 2571})",0.5131147540983606,0.27049180327868855,0.20655737704918034,0.40255591054313106,1.4882370026139995,0.06776404192421392,1.2210484790041205
frozenset({356}),"frozenset({480, 110})",0.521311475409836,0.23934426229508196,0.2098360655737705,0.4025157232704403,1.681743775308004,0.08506315506584253,1.273097497842968
frozenset({356}),frozenset({1270}),0.521311475409836,0.26557377049180325,0.2081967213114754,0.39937106918238996,1.5038046432176413,0.06975006718624027,1.2227619946785684
frozenset({356}),"frozenset({318, 527})",0.521311475409836,0.26229508196721313,0.2081967213114754,0.39937106918238996,1.5226022012578617,0.07145928513840366,1.2282207535833833
frozenset({356}),"frozenset({1196, 260})",0.521311475409836,0.2983606557377049,0.2081967213114754,0.39937106918238996,1.338551385721197,0.0526578876646063,1.168174405630418
frozenset({356}),"frozenset({296, 589})",0.521311475409836,0.2459016393442623,0.2081967213114754,0.39937106918238996,1.6241090146750525,0.08000537489922063,1.2555145481074586
frozenset({318}),"frozenset({296, 593, 356})",0.5131147540983606,0.24918032786885247,0.20491803278688525,0.3993610223642173,1.602698839751135,0.07705993012631016,1.250034879665155
frozenset({318}),frozenset({4993}),0.5131147540983606,0.30327868852459017,0.20491803278688525,0.3993610223642173,1.3168120196874191,0.04930126310131688,1.1599668643181025
frozenset({356}),"frozenset({296, 47})",0.521311475409836,0.2639344262295082,0.20655737704918034,0.3962264150943397,1.5012305168170634,0.0689653319000269,1.2191086065573773
frozenset({356}),frozenset({2762}),0.521311475409836,0.2721311475409836,0.20655737704918034,0.3962264150943397,1.4560127301659471,0.0646922870196184,1.2055327868852463
frozenset({356}),frozenset({4993}),0.521311475409836,0.30327868852459017,0.20655737704918034,0.3962264150943397,1.3064762876083633,0.04845471647406613,1.1539446721311477
frozenset({356}),"frozenset({480, 589})",0.521311475409836,0.25245901639344265,0.20655737704918034,0.3962264150943397,1.5694682675814753,0.07494759473259877,1.238114754098361
frozenset({356}),frozenset({590}),0.521311475409836,0.25245901639344265,0.20491803278688525,0.39308176100628933,1.5570121702197173,0.07330825047030368,1.2316996517455194
frozenset({356}),"frozenset({296, 50})",0.521311475409836,0.2573770491803279,0.20491803278688525,0.39308176100628933,1.5272603453110603,0.0707444235420586,1.223596364562983
frozenset({356}),frozenset({780}),0.521311475409836,0.28852459016393445,0.20491803278688525,0.39308176100628933,1.3623856489422528,0.054506852996506316,1.1722755457402532
frozenset({356}),"frozenset({296, 593, 318})",0.521311475409836,0.2573770491803279,0.20491803278688525,0.39308176100628933,1.5272603453110603,0.0707444235420586,1.223596364562983
frozenset({318}),"frozenset({356, 2959})",0.5131147540983606,0.24262295081967214,0.20163934426229507,0.3929712460063898,1.6196787842155254,0.07714592851384036,1.2476790336496981
frozenset({318}),frozenset({2028}),0.5131147540983606,0.3,0.20163934426229507,0.3929712460063898,1.3099041533546327,0.0477049180327869,1.153157894736842
frozenset({356}),"frozenset({480, 593})",0.521311475409836,0.2360655737704918,0.20327868852459016,0.389937106918239,1.6518169112508736,0.08021499596882559,1.2522224100050703
frozenset({318}),frozenset({608}),0.5131147540983606,0.2836065573770492,0.2,0.3897763578274761,1.3743559437847421,0.0544772910507928,1.1739850656596
frozenset({356}),"frozenset({318, 2959})",0.521311475409836,0.2573770491803279,0.20163934426229507,0.3867924528301887,1.5028241797860833,0.06746573501746841,1.211046658259773
frozenset({356}),frozenset({5952}),0.521311475409836,0.28852459016393445,0.2,0.3836477987421384,1.3296883933676387,0.049588820209621076,1.1543325526932084
frozenset({356}),"frozenset({593, 110})",0.521311475409836,0.2360655737704918,0.2,0.3836477987421384,1.6251747030048918,0.07693630744423544,1.239444630311141
frozenset({356}),frozenset({380}),0.521311475409836,0.260655737704918,0.2,0.3836477987421384,1.4718563347968832,0.06411717280300996,1.199548343927735
